Workbook
Name DadosExternos_1: 'GerDiaria (2)'!$A$1:$D$500
Name SegmentaçãodeDados_Usina: #N/A

Sheet Metas
A1: UFV | B1: 45658 | C1: 45689 | D1: 45717 | E1: 45748 | F1: 45778 | G1: 45809 | H1: 45839 | I1: 45870 | J1: 45901 | K1: 45931 | L1: 45962 | M1: 45992 | N1: 46023 | O1: 46054 | P1: 46082 | Q1: 46113 | R1: 46143 | S1: 46174 | T1: 46204 | U1: 46235 | V1: 46266 | W1: 46296 | X1: 46327 | Y1: 46357 | Z1: 46388 | AA1: 46419 | AB1: 46447 | AC1: 46478 | AD1: 46508 | AE1: 46539 | AF1: 46569 | AG1: 46600 | AH1: 46631 | AI1: 46661 | AJ1: 46692 | AK1: 46722 | AL1: 46753 | AM1: 46784 | AN1: 46813 | AO1: 46844 | AP1: 46874 | AQ1: 46905 | AR1: 46935 | AS1: 46966 | AT1: 46997 | AU1: 47027 | AV1: 47058 | AW1: 47088 | AX1: 47119 | AY1: 47150 | AZ1: 47178 | BA1: 47209 | BB1: 47239 | BC1: 47270 | BD1: 47300 | BE1: 47331 | BF1: 47362 | BG1: 47392 | BH1: 47423 | BI1: 47453 | BJ1: 47484 | BK1: 47515 | BL1: 47543 | BM1: 47574 | BN1: 47604 | BO1: 47635 | BP1: 47665 | BQ1: 47696 | BR1: 47727 | BS1: 47757 | BT1: 47788 | BU1: 47818 | BV1: 47849 | BW1: 47880 | BX1: 47908 | BY1: 47939 | BZ1: 47969 | CA1: 48000 | CB1: 48030 | CC1: 48061 | CD1: 48092 | CE1: 48122 | CF1: 48153 | CG1: 48183 | CH1: 48214 | CI1: 48245 | CJ1: 48274 | CK1: 48305 | CL1: 48335 | CM1: 48366 | CN1: 48396 | CO1: 48427 | CP1: 48458 | CQ1: 48488 | CR1: 48519 | CS1: 48549 | CT1: 48580 | CU1: 48611 | CV1: 48639 | CW1: 48670 | CX1: 48700 | CY1: 48731 | CZ1: 48761 | DA1: 48792 | DB1: 48823 | DC1: 48853 | DD1: 48884 | DE1: 48914 | DF1: 48945 | DG1: 48976 | DH1: 49004 | DI1: 49035 | DJ1: 49065 | DK1: 49096 | DL1: 49126 | DM1: 49157 | DN1: 49188 | DO1: 49218 | DP1: 49249 | DQ1: 49279 | DR1: 49310 | DS1: 49341 | DT1: 49369 | DU1: 49400 | DV1: 49430 | DW1: 49461 | DX1: 49491 | DY1: 49522 | DZ1: 49553 | EA1: 49583 | EB1: 49614 | EC1: 49644 | ED1: 49675 | EE1: 49706 | EF1: 49735 | EG1: 49766 | EH1: 49796 | EI1: 49827 | EJ1: 49857 | EK1: 49888 | EL1: 49919 | EM1: 49949 | EN1: 49980 | EO1: 50010 | EP1: 50041 | EQ1: 50072 | ER1: 50100 | ES1: 50131 | ET1: 50161 | EU1: 50192 | EV1: 50222 | EW1: 50253 | EX1: 50284 | EY1: 50314 | EZ1: 50345 | FA1: 50375 | FB1: 50406 | FC1: 50437 | FD1: 50465 | FE1: 50496 | FF1: 50526 | FG1: 50557 | FH1: 50587 | FI1: 50618 | FJ1: 50649 | FK1: 50679 | FL1: 50710 | FM1: 50740 | FN1: 50771 | FO1: 50802 | FP1: 50830 | FQ1: 50861 | FR1: 50891 | FS1: 50922 | FT1: 50952 | FU1: 50983 | FV1: 51014 | FW1: 51044 | FX1: 51075 | FY1: 51105 | FZ1: 51136 | GA1: 51167 | GB1: 51196 | GC1: 51227 | GD1: 51257 | GE1: 51288 | GF1: 51318 | GG1: 51349 | GH1: 51380 | GI1: 51410 | GJ1: 51441 | GK1: 51471 | GL1: 51502 | GM1: 51533 | GN1: 51561 | GO1: 51592 | GP1: 51622 | GQ1: 51653 | GR1: 51683 | GS1: 51714 | GT1: 51745 | GU1: 51775 | GV1: 51806 | GW1: 51836 | GX1: 51867 | GY1: 51898 | GZ1: 51926 | HA1: 51957 | HB1: 51987 | HC1: 52018 | HD1: 52048 | HE1: 52079 | HF1: 52110 | HG1: 52140 | HH1: 52171 | HI1: 52201 | HJ1: 52232 | HK1: 52263 | HL1: 52291 | HM1: 52322 | HN1: 52352 | HO1: 52383 | HP1: 52413 | HQ1: 52444 | HR1: 52475 | HS1: 52505 | HT1: 52536 | HU1: 52566 | HV1: 52597 | HW1: 52628 | HX1: 52657 | HY1: 52688 | HZ1: 52718 | IA1: 52749 | IB1: 52779 | IC1: 52810 | ID1: 52841 | IE1: 52871 | IF1: 52902 | IG1: 52932 | IH1: 52963 | II1: 52994 | IJ1: 53022 | IK1: 53053 | IL1: 53083 | IM1: 53114 | IN1: 53144 | IO1: 53175 | IP1: 53206 | IQ1: 53236 | IR1: 53267 | IS1: 53297 | IT1: 53328 | IU1: 53359 | IV1: 53387 | IW1: 53418 | IX1: 53448 | IY1: 53479 | IZ1: 53509 | JA1: 53540 | JB1: 53571 | JC1: 53601 | JD1: 53632 | JE1: 53662 | JF1: 53693 | JG1: 53724 | JH1: 53752 | JI1: 53783 | JJ1: 53813 | JK1: 53844 | JL1: 53874 | JM1: 53905 | JN1: 53936 | JO1: 53966 | JP1: 53997 | JQ1: 54027 | JR1: 54058 | JS1: 54089 | JT1: 54118 | JU1: 54149 | JV1: 54179 | JW1: 54210 | JX1: 54240 | JY1: 54271 | JZ1: 54302 | KA1: 54332 | KB1: 54363 | KC1: 54393 | KD1: 54424 | KE1: 54455 | KF1: 54483 | KG1: 54514 | KH1: 54544 | KI1: 54575 | KJ1: 54605 | KK1: 54636 | KL1: 54667 | KM1: 54697 | KN1: 54728 | KO1: 54758 | KP1: 54789 | KQ1: 54820 | KR1: 54848 | KS1: 54879 | KT1: 54909 | KU1: 54940 | KV1: 54970 | KW1: 55001 | KX1: 55032 | KY1: 55062 | KZ1: 55093 | LA1: 55123
N2: 841.92384 | O2: 951.48896 | P2: 1013.6364 | Q2: 875.76472 | R2: 925.39946 | S2: 781.42369 | T2: 884.55748 | U2: 1003.6554 | V2: 894.56467 | W2: 1027.8164 | X2: 940.16771 | Y2: 1100.8869 | Z2: 838.02203 | AA2: 947.07768 | AB2: 1008.9351 | AC2: 871.70137 | AD2: 921.10416 | AE2: 777.79526 | AF2: 880.44857 | AG2: 998.99147 | AH2: 890.40605 | AI2: 1023.0365 | AJ2: 935.7937 | AK2: 1095.7632 | AL2: 834.12022 | AM2: 942.6664 | AN2: 1004.2339 | AO2: 867.63802 | AP2: 916.80885 | AQ2: 774.16683 | AR2: 876.33966 | AS2: 994.32752 | AT2: 886.24744 | AU2: 1018.2566 | AV2: 931.4197 | AW2: 1090.6395 | AX2: 830.21841 | AY2: 938.25512 | AZ2: 999.5327 | BA2: 863.57467 | BB2: 912.51355 | BC2: 770.53839 | BD2: 872.23075 | BE2: 989.66358 | BF2: 882.08882 | BG2: 1013.4767 | BH2: 927.0457 | BI2: 1085.5158 | BJ2: 826.3166 | BK2: 933.84383 | BL2: 994.83147 | BM2: 859.51132 | BN2: 908.21824 | BO2: 766.90996 | BP2: 868.12183 | BQ2: 984.99963 | BR2: 877.9302 | BS2: 1008.6967 | BT2: 922.67169 | BU2: 1080.392 | BV2: 822.41479 | BW2: 929.43255 | BX2: 990.13025 | BY2: 855.44797 | BZ2: 903.92294 | CA2: 763.28152 | CB2: 864.01292 | CC2: 980.33568 | CD2: 873.77159 | CE2: 1003.9168 | CF2: 918.29769 | CG2: 1075.2683 | CH2: 818.51298 | CI2: 925.02127 | CJ2: 985.42902 | CK2: 851.38462 | CL2: 899.62764 | CM2: 759.65309 | CN2: 859.90401 | CO2: 975.67174 | CP2: 869.61297 | CQ2: 999.1369 | CR2: 913.92369 | CS2: 1070.1446 | CT2: 814.61117 | CU2: 920.60999 | CV2: 980.7278 | CW2: 847.32127 | CX2: 895.33233 | CY2: 756.02465 | CZ2: 855.7951 | DA2: 971.00779 | DB2: 865.45435 | DC2: 994.35698 | DD2: 909.54968 | DE2: 1065.0209 | DF2: 810.70936 | DG2: 916.19871 | DH2: 976.02657 | DI2: 843.25792 | DJ2: 891.03703 | DK2: 752.39622 | DL2: 851.68618 | DM2: 966.34384 | DN2: 861.29574 | DO2: 989.57705 | DP2: 905.17568 | DQ2: 1059.8972 | DR2: 806.80755 | DS2: 911.78742 | DT2: 971.32535 | DU2: 839.19457 | DV2: 886.74172 | DW2: 748.76778 | DX2: 847.57727 | DY2: 961.6799 | DZ2: 857.13712 | EA2: 984.79713 | EB2: 900.80168 | EC2: 1054.7735 | ED2: 802.90574 | EE2: 907.37614 | EF2: 966.62412 | EG2: 835.13122 | EH2: 882.44642 | EI2: 745.13935 | EJ2: 843.46836 | EK2: 957.01595 | EL2: 852.9785 | EM2: 980.0172 | EN2: 896.42767 | EO2: 1049.6498 | EP2: 799.00393 | EQ2: 902.96486 | ER2: 961.9229 | ES2: 831.06787 | ET2: 878.15111 | EU2: 741.51091 | EV2: 839.35945 | EW2: 952.352 | EX2: 848.81989 | EY2: 975.23728 | EZ2: 892.05367 | FA2: 1044.526 | FB2: 795.10212 | FC2: 898.55358 | FD2: 957.22167 | FE2: 827.00452 | FF2: 873.85581 | FG2: 737.88248 | FH2: 835.25054 | FI2: 947.68806 | FJ2: 844.66127 | FK2: 970.45736 | FL2: 887.67967 | FM2: 1039.4023 | FN2: 791.20031 | FO2: 894.1423 | FP2: 952.52045 | FQ2: 822.94117 | FR2: 869.56051 | FS2: 734.25405 | FT2: 831.14162 | FU2: 943.02411 | FV2: 840.50265 | FW2: 965.67743 | FX2: 883.30566 | FY2: 1034.2786 | FZ2: 787.2985 | GA2: 889.73102 | GB2: 947.81922 | GC2: 818.87782 | GD2: 865.2652 | GE2: 730.62561 | GF2: 827.03271 | GG2: 938.36016 | GH2: 836.34404 | GI2: 960.89751 | GJ2: 878.93166 | GK2: 1029.1549 | GL2: 783.39669 | GM2: 885.31973 | GN2: 943.118 | GO2: 814.81447 | GP2: 860.9699 | GQ2: 726.99718 | GR2: 822.9238 | GS2: 933.69622 | GT2: 832.18542 | GU2: 956.11758 | GV2: 874.55766 | GW2: 1024.0312 | GX2: 779.49488 | GY2: 880.90845 | GZ2: 938.41677 | HA2: 810.75112 | HB2: 856.67459 | HC2: 723.36874 | HD2: 818.81489 | HE2: 929.03227 | HF2: 828.0268 | HG2: 951.33766 | HH2: 870.18365 | HI2: 1018.9075 | HJ2: 775.59307 | HK2: 876.49717 | HL2: 933.71554 | HM2: 806.68777 | HN2: 852.37929 | HO2: 719.74031 | HP2: 814.70598 | HQ2: 924.36832 | HR2: 823.86819 | HS2: 946.55774 | HT2: 865.80965 | HU2: 1013.7838 | HV2: 771.69126 | HW2: 872.08589 | HX2: 929.01432 | HY2: 802.62443 | HZ2: 848.08398 | IA2: 716.11187 | IB2: 810.59706 | IC2: 919.70438 | ID2: 819.70957 | IE2: 941.77781 | IF2: 861.43565 | IG2: 1008.66 | IH2: 767.78945 | II2: 867.67461 | IJ2: 924.31309 | IK2: 798.56108 | IL2: 843.78868 | IM2: 712.48344 | IN2: 806.48815 | IO2: 915.04043 | IP2: 815.55095 | IQ2: 936.99789 | IR2: 857.06164 | IS2: 1003.5363 | IT2: 763.88764 | IU2: 863.26333 | IV2: 919.61187 | IW2: 794.49773 | IX2: 839.49337 | IY2: 708.855 | IZ2: 802.37924 | JA2: 910.37648 | JB2: 811.39234 | JC2: 932.21796 | JD2: 852.68764 | JE2: 998.41262 | JF2: 759.98583 | JG2: 858.85204 | JH2: 914.91064 | JI2: 790.43438 | JJ2: 835.19807 | JK2: 705.22657 | JL2: 798.27033 | JM2: 905.71254 | JN2: 807.23372 | JO2: 927.43804 | JP2: 848.31364 | JQ2: 993.2889 | JR2: 756.08402 | JS2: 854.44076 | JT2: 910.20942 | JU2: 786.37103 | JV2: 830.90277 | JW2: 701.59813 | JX2: 794.16141 | JY2: 901.04859 | JZ2: 803.0751 | KA2: 922.65812 | KB2: 843.93963 | KC2: 988.16519 | KD2: 752.18221 | KE2: 850.02948 | KF2: 905.50819 | KG2: 782.30768 | KH2: 826.60746 | KI2: 697.9697 | KJ2: 790.0525 | KK2: 896.38464 | KL2: 798.91649 | KM2: 917.87819 | KN2: 839.56563 | KO2: 983.04148 | KP2: 748.2804 | KQ2: 845.6182 | KR2: 900.80697 | KS2: 778.24433 | KT2: 822.31216 | KU2: 694.34127 | KV2: 785.94359 | KW2: 891.7207 | KX2: 794.75787 | KY2: 913.09827 | KZ2: 835.19163 | LA2: 977.91776
N3: 854.23009 | O3: 892.94429 | P3: 848.528 | Q3: 838.3522 | R3: 798.8867 | S3: 759.45851 | T3: 881.05836 | U3: 921.59711 | V3: 877.29182 | W3: 954.81628 | X3: 1009.8679 | Y3: 919.83429 | Z3: 849.34455 | AA3: 887.83489 | AB3: 843.67044 | AC3: 833.5506 | AD3: 794.30895 | AE3: 755.10461 | AF3: 876.00493 | AG3: 916.30864 | AH3: 872.25517 | AI3: 949.33194 | AJ3: 1004.0646 | AK3: 914.54581 | AL3: 844.459 | AM3: 882.7255 | AN3: 838.81287 | AO3: 828.749 | AP3: 789.7312 | AQ3: 750.75071 | AR3: 870.95149 | AS3: 911.02016 | AT3: 867.21853 | AU3: 943.84759 | AV3: 998.26124 | AW3: 909.25733 | AX3: 839.57346 | AY3: 877.6161 | AZ3: 833.95531 | BA3: 823.9474 | BB3: 785.15345 | BC3: 746.39681 | BD3: 865.89806 | BE3: 905.73168 | BF3: 862.18188 | BG3: 938.36324 | BH3: 992.4579 | BI3: 903.96886 | BJ3: 834.68791 | BK3: 872.50671 | BL3: 829.09775 | BM3: 819.14579 | BN3: 780.5757 | BO3: 742.04291 | BP3: 860.84463 | BQ3: 900.44321 | BR3: 857.14524 | BS3: 932.8789 | BT3: 986.65457 | BU3: 898.68038 | BV3: 829.80237 | BW3: 867.39731 | BX3: 824.24018 | BY3: 814.34419 | BZ3: 775.99795 | CA3: 737.68902 | CB3: 855.7912 | CC3: 895.15473 | CD3: 852.1086 | CE3: 927.39455 | CF3: 980.85124 | CG3: 893.39191 | CH3: 824.91682 | CI3: 862.28792 | CJ3: 819.38262 | CK3: 809.54259 | CL3: 771.4202 | CM3: 733.33512 | CN3: 850.73776 | CO3: 889.86626 | CP3: 847.07195 | CQ3: 921.91021 | CR3: 975.0479 | CS3: 888.10343 | CT3: 820.03128 | CU3: 857.17852 | CV3: 814.52506 | CW3: 804.74099 | CX3: 766.84245 | CY3: 728.98122 | CZ3: 845.68433 | DA3: 884.57778 | DB3: 842.03531 | DC3: 916.42586 | DD3: 969.24457 | DE3: 882.81495 | DF3: 815.14573 | DG3: 852.06912 | DH3: 809.66749 | DI3: 799.93939 | DJ3: 762.2647 | DK3: 724.62732 | DL3: 840.6309 | DM3: 879.2893 | DN3: 836.99866 | DO3: 910.94152 | DP3: 963.44124 | DQ3: 877.52648 | DR3: 810.26019 | DS3: 846.95973 | DT3: 804.80993 | DU3: 795.13779 | DV3: 757.68695 | DW3: 720.27342 | DX3: 835.57746 | DY3: 874.00083 | DZ3: 831.96202 | EA3: 905.45717 | EB3: 957.6379 | EC3: 872.238 | ED3: 805.37464 | EE3: 841.85033 | EF3: 799.95237 | EG3: 790.33619 | EH3: 753.1092 | EI3: 715.91952 | EJ3: 830.52403 | EK3: 868.71235 | EL3: 826.92537 | EM3: 899.97282 | EN3: 951.83457 | EO3: 866.94952 | EP3: 800.4891 | EQ3: 836.74094 | ER3: 795.0948 | ES3: 785.53459 | ET3: 748.53145 | EU3: 711.56562 | EV3: 825.4706 | EW3: 863.42387 | EX3: 821.88873 | EY3: 894.48848 | EZ3: 946.03124 | FA3: 861.66105 | FB3: 795.60355 | FC3: 831.63154 | FD3: 790.23724 | FE3: 780.73299 | FF3: 743.9537 | FG3: 707.21172 | FH3: 820.41717 | FI3: 858.1354 | FJ3: 816.85209 | FK3: 889.00413 | FL3: 940.2279 | FM3: 856.37257 | FN3: 790.71801 | FO3: 826.52215 | FP3: 785.37968 | FQ3: 775.93139 | FR3: 739.37595 | FS3: 702.85782 | FT3: 815.36373 | FU3: 852.84692 | FV3: 811.81544 | FW3: 883.51979 | FX3: 934.42457 | FY3: 851.0841 | FZ3: 785.83246 | GA3: 821.41275 | GB3: 780.52211 | GC3: 771.12979 | GD3: 734.7982 | GE3: 698.50393 | GF3: 810.3103 | GG3: 847.55845 | GH3: 806.7788 | GI3: 878.03544 | GJ3: 928.62124 | GK3: 845.79562 | GL3: 780.94692 | GM3: 816.30336 | GN3: 775.66455 | GO3: 766.32819 | GP3: 730.22045 | GQ3: 694.15003 | GR3: 805.25687 | GS3: 842.26997 | GT3: 801.74215 | GU3: 872.5511 | GV3: 922.81791 | GW3: 840.50714 | GX3: 776.06138 | GY3: 811.19396 | GZ3: 770.80699 | HA3: 761.52659 | HB3: 725.6427 | HC3: 689.79613 | HD3: 800.20343 | HE3: 836.98149 | HF3: 796.70551 | HG3: 867.06675 | HH3: 917.01457 | HI3: 835.21867 | HJ3: 771.17583 | HK3: 806.08456 | HL3: 765.94942 | HM3: 756.72499 | HN3: 721.06495 | HO3: 685.44223 | HP3: 795.15 | HQ3: 831.69302 | HR3: 791.66887 | HS3: 861.5824 | HT3: 911.21124 | HU3: 829.93019 | HV3: 766.29029 | HW3: 800.97517 | HX3: 761.09186 | HY3: 751.92339 | HZ3: 716.4872 | IA3: 681.08833 | IB3: 790.09657 | IC3: 826.40454 | ID3: 786.63222 | IE3: 856.09806 | IF3: 905.40791 | IG3: 824.64171 | IH3: 761.40474 | II3: 795.86577 | IJ3: 756.2343 | IK3: 747.12179 | IL3: 711.90945 | IM3: 676.73443 | IN3: 785.04314 | IO3: 821.11606 | IP3: 781.59558 | IQ3: 850.61371 | IR3: 899.60457 | IS3: 819.35324 | IT3: 756.5192 | IU3: 790.75638 | IV3: 751.37673 | IW3: 742.32018 | IX3: 707.3317 | IY3: 672.38053 | IZ3: 779.9897 | JA3: 815.82759 | JB3: 776.55893 | JC3: 845.12937 | JD3: 893.80124 | JE3: 814.06476 | JF3: 751.63365 | JG3: 785.64698 | JH3: 746.51917 | JI3: 737.51858 | JJ3: 702.75395 | JK3: 668.02663 | JL3: 774.93627 | JM3: 810.53911 | JN3: 771.52229 | JO3: 839.64502 | JP3: 887.99791 | JQ3: 808.77629 | JR3: 746.74811 | JS3: 780.53759 | JT3: 741.66161 | JU3: 732.71698 | JV3: 698.1762 | JW3: 663.67273 | JX3: 769.88284 | JY3: 805.25064 | JZ3: 766.48565 | KA3: 834.16068 | KB3: 882.19457 | KC3: 803.48781 | KD3: 741.86256 | KE3: 775.42819 | KF3: 736.80404 | KG3: 727.91538 | KH3: 693.59845 | KI3: 659.31883 | KJ3: 764.8294 | KK3: 799.96216 | KL3: 761.449 | KM3: 828.67633 | KN3: 876.39124 | KO3: 798.19933 | KP3: 736.97702 | KQ3: 770.3188 | KR3: 731.94648 | KS3: 723.11378 | KT3: 689.0207 | KU3: 654.96494 | KV3: 759.77597 | KW3: 794.67368 | KX3: 756.41236 | KY3: 823.19198 | KZ3: 870.58791 | LA3: 792.91086
N4: 698.10586 | O4: 726.33294 | P4: 699.69877 | Q4: 692.50283 | R4: 666.20343 | S4: 635.81471 | T4: 720.59284 | U4: 785.81576 | V4: 730.9592 | W4: 786.43545 | X4: 826.02779 | Y4: 748.5692 | Z4: 694.1265 | AA4: 722.19071 | AB4: 695.70654 | AC4: 688.54978 | AD4: 662.3987 | AE4: 632.1818 | AF4: 716.47356 | AG4: 781.32149 | AH4: 726.77668 | AI4: 781.93335 | AJ4: 821.29677 | AK4: 744.27977 | AL4: 690.14714 | AM4: 718.04849 | AN4: 691.71432 | AO4: 684.59673 | AP4: 658.59396 | AQ4: 628.54889 | AR4: 712.35428 | AS4: 776.82723 | AT4: 722.59416 | AU4: 777.43125 | AV4: 816.56576 | AW4: 739.99035 | AX4: 686.16779 | AY4: 713.90626 | AZ4: 687.72209 | BA4: 680.64367 | BB4: 654.78922 | BC4: 624.91598 | BD4: 708.235 | BE4: 772.33296 | BF4: 718.41163 | BG4: 772.92914 | BH4: 811.83475 | BI4: 735.70093 | BJ4: 682.18843 | BK4: 709.76404 | BL4: 683.72986 | BM4: 676.69062 | BN4: 650.98449 | BO4: 621.28306 | BP4: 704.11572 | BQ4: 767.83869 | BR4: 714.22911 | BS4: 768.42704 | BT4: 807.10373 | BU4: 731.41151 | BV4: 678.20907 | BW4: 705.62181 | BX4: 679.73763 | BY4: 672.73757 | BZ4: 647.17975 | CA4: 617.65015 | CB4: 699.99645 | CC4: 763.34443 | CD4: 710.04659 | CE4: 763.92494 | CF4: 802.37272 | CG4: 727.12208 | CH4: 674.22971 | CI4: 701.47959 | CJ4: 675.7454 | CK4: 668.78452 | CL4: 643.37502 | CM4: 614.01724 | CN4: 695.87717 | CO4: 758.85016 | CP4: 705.86406 | CQ4: 759.42284 | CR4: 797.64171 | CS4: 722.83266 | CT4: 670.25036 | CU4: 697.33736 | CV4: 671.75317 | CW4: 664.83147 | CX4: 639.57028 | CY4: 610.38433 | CZ4: 691.75789 | DA4: 754.35589 | DB4: 701.68154 | DC4: 754.92073 | DD4: 792.91069 | DE4: 718.54324 | DF4: 666.271 | DG4: 693.19513 | DH4: 667.76094 | DI4: 660.87841 | DJ4: 635.76555 | DK4: 606.75141 | DL4: 687.63861 | DM4: 749.86163 | DN4: 697.49902 | DO4: 750.41863 | DP4: 788.17968 | DQ4: 714.25382 | DR4: 662.29164 | DS4: 689.05291 | DT4: 663.76871 | DU4: 656.92536 | DV4: 631.96081 | DW4: 603.1185 | DX4: 683.51933 | DY4: 745.36736 | DZ4: 693.3165 | EA4: 745.91653 | EB4: 783.44866 | EC4: 709.96439 | ED4: 658.31229 | EE4: 684.91068 | EF4: 659.77648 | EG4: 652.97231 | EH4: 628.15608 | EI4: 599.48559 | EJ4: 679.40006 | EK4: 740.87309 | EL4: 689.13397 | EM4: 741.41443 | EN4: 778.71765 | EO4: 705.67497 | EP4: 654.33293 | EQ4: 680.76846 | ER4: 655.78425 | ES4: 649.01926 | ET4: 624.35134 | EU4: 595.85268 | EV4: 675.28078 | EW4: 736.37883 | EX4: 684.95145 | EY4: 736.91232 | EZ4: 773.98664 | FA4: 701.38555 | FB4: 650.35357 | FC4: 676.62623 | FD4: 651.79202 | FE4: 645.06621 | FF4: 620.5466 | FG4: 592.21977 | FH4: 671.1615 | FI4: 731.88456 | FJ4: 680.76893 | FK4: 732.41022 | FL4: 769.25562 | FM4: 697.09613 | FN4: 646.37421 | FO4: 672.48401 | FP4: 647.79979 | FQ4: 641.11315 | FR4: 616.74187 | FS4: 588.58685 | FT4: 667.04222 | FU4: 727.39029 | FV4: 676.58641 | FW4: 727.90812 | FX4: 764.52461 | FY4: 692.8067 | FZ4: 642.39486 | GA4: 668.34178 | GB4: 643.80756 | GC4: 637.1601 | GD4: 612.93713 | GE4: 584.95394 | GF4: 662.92294 | GG4: 722.89602 | GH4: 672.40388 | GI4: 723.40602 | GJ4: 759.7936 | GK4: 688.51728 | GL4: 638.4155 | GM4: 664.19956 | GN4: 639.81533 | GO4: 633.20705 | GP4: 609.1324 | GQ4: 581.32103 | GR4: 658.80366 | GS4: 718.40176 | GT4: 668.22136 | GU4: 718.90391 | GV4: 755.06258 | GW4: 684.22786 | GX4: 634.43614 | GY4: 660.05733 | GZ4: 635.8231 | HA4: 629.254 | HB4: 605.32766 | HC4: 577.68812 | HD4: 654.68439 | HE4: 713.90749 | HF4: 664.03884 | HG4: 714.40181 | HH4: 750.33157 | HI4: 679.93844 | HJ4: 630.45679 | HK4: 655.91511 | HL4: 631.83087 | HM4: 625.30095 | HN4: 601.52293 | HO4: 574.0552 | HP4: 650.56511 | HQ4: 709.41322 | HR4: 659.85632 | HS4: 709.89971 | HT4: 745.60056 | HU4: 675.64902 | HV4: 626.47743 | HW4: 651.77288 | HX4: 627.83864 | HY4: 621.34789 | HZ4: 597.71819 | IA4: 570.42229 | IB4: 646.44583 | IC4: 704.91896 | ID4: 655.67379 | IE4: 705.39761 | IF4: 740.86954 | IG4: 671.35959 | IH4: 622.49807 | II4: 647.63066 | IJ4: 623.84641 | IK4: 617.39484 | IL4: 593.91346 | IM4: 566.78938 | IN4: 642.32655 | IO4: 700.42469 | IP4: 651.49127 | IQ4: 700.8955 | IR4: 736.13853 | IS4: 667.07017 | IT4: 618.51871 | IU4: 643.48843 | IV4: 619.85418 | IW4: 613.44179 | IX4: 590.10872 | IY4: 563.15647 | IZ4: 638.20727 | JA4: 695.93042 | JB4: 647.30875 | JC4: 696.3934 | JD4: 731.40752 | JE4: 662.78075 | JF4: 614.53936 | JG4: 639.3462 | JH4: 615.86195 | JI4: 609.48874 | JJ4: 586.30398 | JK4: 559.52355 | JL4: 634.08799 | JM4: 691.43616 | JN4: 643.12623 | JO4: 691.8913 | JP4: 726.6765 | JQ4: 658.49133 | JR4: 610.56 | JS4: 635.20398 | JT4: 611.86972 | JU4: 605.53569 | JV4: 582.49925 | JW4: 555.89064 | JX4: 629.96872 | JY4: 686.94189 | JZ4: 638.9437 | KA4: 687.3892 | KB4: 721.94549 | KC4: 654.2019 | KD4: 606.58064 | KE4: 631.06175 | KF4: 607.87749 | KG4: 601.58263 | KH4: 578.69451 | KI4: 552.25773 | KJ4: 625.84944 | KK4: 682.44762 | KL4: 634.76118 | KM4: 682.88709 | KN4: 717.21448 | KO4: 649.91248 | KP4: 602.60129 | KQ4: 626.91953 | KR4: 603.88526 | KS4: 597.62958 | KT4: 574.88978 | KU4: 548.62482 | KV4: 621.73016 | KW4: 677.95336 | KX4: 630.57866 | KY4: 678.38499 | KZ4: 712.48346 | LA4: 645.62306
N5: 310.65845 | O5: 249.94959 | P5: 306.9303 | Q5: 266.85292 | R5: 286.641 | S5: 324.58165 | T5: 362.99799 | U5: 331.98258 | V5: 271.41082 | W5: 330.25232 | X5: 263.20978 | Y5: 262.81928 | Z5: 309.38786 | AA5: 248.92695 | AB5: 305.6741 | AC5: 265.76038 | AD5: 285.46705 | AE5: 323.25186 | AF5: 361.51029 | AG5: 330.62153 | AH5: 270.29772 | AI5: 328.89743 | AJ5: 262.12958 | AK5: 261.74031 | AL5: 308.11728 | AM5: 247.90432 | AN5: 304.41791 | AO5: 264.66784 | AP5: 284.29309 | AQ5: 321.92206 | AR5: 360.02259 | AS5: 329.26048 | AT5: 269.18462 | AU5: 327.54255 | AV5: 261.04937 | AW5: 260.66134 | AX5: 306.84669 | AY5: 246.88168 | AZ5: 303.16171 | BA5: 263.5753 | BB5: 283.11913 | BC5: 320.59226 | BD5: 358.5349 | BE5: 327.89943 | BF5: 268.07152 | BG5: 326.18767 | BH5: 259.96917 | BI5: 259.58237 | BJ5: 305.5761 | BK5: 245.85904 | BL5: 301.90552 | BM5: 262.48276 | BN5: 281.94518 | BO5: 319.26246 | BP5: 357.0472 | BQ5: 326.53839 | BR5: 266.95842 | BS5: 324.83279 | BT5: 258.88896 | BU5: 258.5034 | BV5: 304.30552 | BW5: 244.8364 | BX5: 300.64932 | BY5: 261.39022 | BZ5: 280.77122 | CA5: 317.93266 | CB5: 355.5595 | CC5: 325.17734 | CD5: 265.84532 | CE5: 323.47791 | CF5: 257.80876 | CG5: 257.42443 | CH5: 303.03493 | CI5: 243.81377 | CJ5: 299.39313 | CK5: 260.29768 | CL5: 279.59727 | CM5: 316.60286 | CN5: 354.07181 | CO5: 323.81629 | CP5: 264.73222 | CQ5: 322.12303 | CR5: 256.72855 | CS5: 256.34546 | CT5: 301.76434 | CU5: 242.79113 | CV5: 298.13693 | CW5: 259.20514 | CX5: 278.42331 | CY5: 315.27306 | CZ5: 352.58411 | DA5: 322.45524 | DB5: 263.61912 | DC5: 320.76815 | DD5: 255.64835 | DE5: 255.26649 | DF5: 300.49376 | DG5: 241.76849 | DH5: 296.88074 | DI5: 258.1126 | DJ5: 277.24935 | DK5: 313.94327 | DL5: 351.09641 | DM5: 321.09419 | DN5: 262.50602 | DO5: 319.41327 | DP5: 254.56815 | DQ5: 254.18752 | DR5: 299.22317 | DS5: 240.74586 | DT5: 295.62454 | DU5: 257.02006 | DV5: 276.0754 | DW5: 312.61347 | DX5: 349.60872 | DY5: 319.73314 | DZ5: 261.39292 | EA5: 318.05838 | EB5: 253.48794 | EC5: 253.10855 | ED5: 297.95258 | EE5: 239.72322 | EF5: 294.36835 | EG5: 255.92752 | EH5: 274.90144 | EI5: 311.28367 | EJ5: 348.12102 | EK5: 318.37209 | EL5: 260.27982 | EM5: 316.7035 | EN5: 252.40774 | EO5: 252.02958 | EP5: 296.682 | EQ5: 238.70058 | ER5: 293.11215 | ES5: 254.83498 | ET5: 273.72748 | EU5: 309.95387 | EV5: 346.63332 | EW5: 317.01104 | EX5: 259.16672 | EY5: 315.34862 | EZ5: 251.32753 | FA5: 250.95061 | FB5: 295.41141 | FC5: 237.67794 | FD5: 291.85596 | FE5: 253.74244 | FF5: 272.55353 | FG5: 308.62407 | FH5: 345.14563 | FI5: 315.64999 | FJ5: 258.05362 | FK5: 313.99374 | FL5: 250.24733 | FM5: 249.87164 | FN5: 294.14082 | FO5: 236.65531 | FP5: 290.59976 | FQ5: 252.6499 | FR5: 271.37957 | FS5: 307.29427 | FT5: 343.65793 | FU5: 314.28894 | FV5: 256.94052 | FW5: 312.63886 | FX5: 249.16712 | FY5: 248.79266 | FZ5: 292.87024 | GA5: 235.63267 | GB5: 289.34357 | GC5: 251.55736 | GD5: 270.20561 | GE5: 305.96448 | GF5: 342.17023 | GG5: 312.92789 | GH5: 255.82743 | GI5: 311.28398 | GJ5: 248.08692 | GK5: 247.71369 | GL5: 291.59965 | GM5: 234.61003 | GN5: 288.08737 | GO5: 250.46482 | GP5: 269.03166 | GQ5: 304.63468 | GR5: 340.68254 | GS5: 311.56684 | GT5: 254.71433 | GU5: 309.9291 | GV5: 247.00672 | GW5: 246.63472 | GX5: 290.32906 | GY5: 233.58739 | GZ5: 286.83118 | HA5: 249.37228 | HB5: 267.8577 | HC5: 303.30488 | HD5: 339.19484 | HE5: 310.20579 | HF5: 253.60123 | HG5: 308.57421 | HH5: 245.92651 | HI5: 245.55575 | HJ5: 289.05848 | HK5: 232.56476 | HL5: 285.57499 | HM5: 248.27974 | HN5: 266.68375 | HO5: 301.97508 | HP5: 337.70714 | HQ5: 308.84475 | HR5: 252.48813 | HS5: 307.21933 | HT5: 244.84631 | HU5: 244.47678 | HV5: 287.78789 | HW5: 231.54212 | HX5: 284.31879 | HY5: 247.1872 | HZ5: 265.50979 | IA5: 300.64528 | IB5: 336.21945 | IC5: 307.4837 | ID5: 251.37503 | IE5: 305.86445 | IF5: 243.7661 | IG5: 243.39781 | IH5: 286.5173 | II5: 230.51948 | IJ5: 283.0626 | IK5: 246.09466 | IL5: 264.33583 | IM5: 299.31548 | IN5: 334.73175 | IO5: 306.12265 | IP5: 250.26193 | IQ5: 304.50957 | IR5: 242.6859 | IS5: 242.31884 | IT5: 285.24672 | IU5: 229.49685 | IV5: 281.8064 | IW5: 245.00212 | IX5: 263.16188 | IY5: 297.98568 | IZ5: 333.24405 | JA5: 304.7616 | JB5: 249.14883 | JC5: 303.15469 | JD5: 241.60569 | JE5: 241.23987 | JF5: 283.97613 | JG5: 228.47421 | JH5: 280.55021 | JI5: 243.90958 | JJ5: 261.98792 | JK5: 296.65589 | JL5: 331.75636 | JM5: 303.40055 | JN5: 248.03573 | JO5: 301.79981 | JP5: 240.52549 | JQ5: 240.1609 | JR5: 282.70554 | JS5: 227.45157 | JT5: 279.29401 | JU5: 242.81704 | JV5: 260.81396 | JW5: 295.32609 | JX5: 330.26866 | JY5: 302.0395 | JZ5: 246.92263 | KA5: 300.44493 | KB5: 239.44529 | KC5: 239.08193 | KD5: 281.43496 | KE5: 226.42893 | KF5: 278.03782 | KG5: 241.7245 | KH5: 259.64001 | KI5: 293.99629 | KJ5: 328.78096 | KK5: 300.67845 | KL5: 245.80953 | KM5: 299.09005 | KN5: 238.36508 | KO5: 238.00296 | KP5: 280.16437 | KQ5: 225.4063 | KR5: 276.78162 | KS5: 240.63196 | KT5: 258.46605 | KU5: 292.66649 | KV5: 327.29327 | KW5: 299.3174 | KX5: 244.69643 | KY5: 297.73516 | KZ5: 237.28488 | LA5: 236.92399
N6: 774.43433 | O6: 713.13438 | P6: 775.9649 | Q6: 743.86147 | R6: 822.39233 | S6: 792.79185 | T6: 861.2266 | U6: 955.30424 | V6: 875.07721 | W6: 819.81822 | X6: 712.43773 | Y6: 706.19479 | Z6: 768.63126 | AA6: 707.7873 | AB6: 770.14308 | AC6: 738.27703 | AD6: 816.21446 | AE6: 786.83261 | AF6: 854.74889 | AG6: 948.11442 | AH6: 868.48706 | AI6: 813.64035 | AJ6: 707.06567 | AK6: 700.86646 | AL6: 762.82818 | AM6: 702.44023 | AN6: 764.32126 | AO6: 732.69258 | AP6: 810.03659 | AQ6: 780.87337 | AR6: 848.27118 | AS6: 940.9246 | AT6: 861.89692 | AU6: 807.46248 | AV6: 701.69361 | AW6: 695.53812 | AX6: 757.0251 | AY6: 697.09315 | AZ6: 758.49945 | BA6: 727.10813 | BB6: 803.85872 | BC6: 774.91413 | BD6: 841.79348 | BE6: 933.73478 | BF6: 855.30677 | BG6: 801.2846 | BH6: 696.32155 | BI6: 690.20979 | BJ6: 751.22203 | BK6: 691.74608 | BL6: 752.67763 | BM6: 721.52369 | BN6: 797.68085 | BO6: 768.95489 | BP6: 835.31577 | BQ6: 926.54497 | BR6: 848.71662 | BS6: 795.10673 | BT6: 690.94949 | BU6: 684.88145 | BV6: 745.41895 | BW6: 686.399 | BX6: 746.85582 | BY6: 715.93924 | BZ6: 791.50297 | CA6: 762.99565 | CB6: 828.83806 | CC6: 919.35515 | CD6: 842.12648 | CE6: 788.92886 | CF6: 685.57743 | CG6: 679.55312 | CH6: 739.61588 | CI6: 681.05192 | CJ6: 741.034 | CK6: 710.3548 | CL6: 785.3251 | CM6: 757.03641 | CN6: 822.36035 | CO6: 912.16533 | CP6: 835.53633 | CQ6: 782.75099 | CR6: 680.20536 | CS6: 674.22478 | CT6: 733.8128 | CU6: 675.70485 | CV6: 735.21218 | CW6: 704.77035 | CX6: 779.14723 | CY6: 751.07717 | CZ6: 815.88265 | DA6: 904.97551 | DB6: 828.94619 | DC6: 776.57312 | DD6: 674.8333 | DE6: 668.89644 | DF6: 728.00972 | DG6: 670.35777 | DH6: 729.39037 | DI6: 699.18591 | DJ6: 772.96936 | DK6: 745.11793 | DL6: 809.40494 | DM6: 897.78569 | DN6: 822.35604 | DO6: 770.39525 | DP6: 669.46124 | DQ6: 663.56811 | DR6: 722.20665 | DS6: 665.0107 | DT6: 723.56855 | DU6: 693.60146 | DV6: 766.79149 | DW6: 739.15869 | DX6: 802.92723 | DY6: 890.59588 | DZ6: 815.7659 | EA6: 764.21738 | EB6: 664.08918 | EC6: 658.23977 | ED6: 716.40357 | EE6: 659.66362 | EF6: 717.74674 | EG6: 688.01701 | EH6: 760.61362 | EI6: 733.19945 | EJ6: 796.44953 | EK6: 883.40606 | EL6: 809.17575 | EM6: 758.03951 | EN6: 658.71712 | EO6: 652.91144 | EP6: 710.6005 | EQ6: 654.31655 | ER6: 711.92492 | ES6: 682.43257 | ET6: 754.43575 | EU6: 727.2402 | EV6: 789.97182 | EW6: 876.21624 | EX6: 802.5856 | EY6: 751.86163 | EZ6: 653.34505 | FA6: 647.5831 | FB6: 704.79742 | FC6: 648.96947 | FD6: 706.1031 | FE6: 676.84812 | FF6: 748.25788 | FG6: 721.28096 | FH6: 783.49411 | FI6: 869.02642 | FJ6: 795.99546 | FK6: 745.68376 | FL6: 647.97299 | FM6: 642.25477 | FN6: 698.99434 | FO6: 643.62239 | FP6: 700.28129 | FQ6: 671.26368 | FR6: 742.08 | FS6: 715.32172 | FT6: 777.0164 | FU6: 861.83661 | FV6: 789.40531 | FW6: 739.50589 | FX6: 642.60093 | FY6: 636.92643 | FZ6: 693.19127 | GA6: 638.27532 | GB6: 694.45947 | GC6: 665.67923 | GD6: 735.90213 | GE6: 709.36248 | GF6: 770.5387 | GG6: 854.64679 | GH6: 782.81517 | GI6: 733.32802 | GJ6: 637.22887 | GK6: 631.59809 | GL6: 687.38819 | GM6: 632.92824 | GN6: 688.63766 | GO6: 660.09478 | GP6: 729.72426 | GQ6: 703.40324 | GR6: 764.06099 | GS6: 847.45697 | GT6: 776.22502 | GU6: 727.15015 | GV6: 631.85681 | GW6: 626.26976 | GX6: 681.58511 | GY6: 627.58117 | GZ6: 682.81584 | HA6: 654.51034 | HB6: 723.54639 | HC6: 697.444 | HD6: 757.58328 | HE6: 840.26715 | HF6: 769.63488 | HG6: 720.97228 | HH6: 626.48474 | HI6: 620.94142 | HJ6: 675.78204 | HK6: 622.23409 | HL6: 676.99402 | HM6: 648.92589 | HN6: 717.36852 | HO6: 691.48476 | HP6: 751.10557 | HQ6: 833.07733 | HR6: 763.04473 | HS6: 714.79441 | HT6: 621.11268 | HU6: 615.61309 | HV6: 669.97896 | HW6: 616.88702 | HX6: 671.17221 | HY6: 643.34145 | HZ6: 711.19065 | IA6: 685.52552 | IB6: 744.62787 | IC6: 825.88752 | ID6: 756.45458 | IE6: 708.61654 | IF6: 615.74062 | IG6: 610.28475 | IH6: 664.17589 | II6: 611.53994 | IJ6: 665.35039 | IK6: 637.757 | IL6: 705.01278 | IM6: 679.56628 | IN6: 738.15016 | IO6: 818.6977 | IP6: 749.86444 | IQ6: 702.43866 | IR6: 610.36856 | IS6: 604.95641 | IT6: 658.37281 | IU6: 606.19287 | IV6: 659.52858 | IW6: 632.17256 | IX6: 698.83491 | IY6: 673.60704 | IZ6: 731.67245 | JA6: 811.50788 | JB6: 743.27429 | JC6: 696.26079 | JD6: 604.9965 | JE6: 599.62808 | JF6: 652.56973 | JG6: 600.84579 | JH6: 653.70676 | JI6: 626.58811 | JJ6: 692.65704 | JK6: 667.6478 | JL6: 725.19475 | JM6: 804.31806 | JN6: 736.68415 | JO6: 690.08292 | JP6: 599.62443 | JQ6: 594.29974 | JR6: 646.76666 | JS6: 595.49871 | JT6: 647.88494 | JU6: 621.00366 | JV6: 686.47916 | JW6: 661.68856 | JX6: 718.71704 | JY6: 797.12825 | JZ6: 730.094 | KA6: 683.90505 | KB6: 594.25237 | KC6: 588.97141 | KD6: 640.96358 | KE6: 590.15164 | KF6: 642.06313 | KG6: 615.41922 | KH6: 680.30129 | KI6: 655.72932 | KJ6: 712.23933 | KK6: 789.93843 | KL6: 723.50386 | KM6: 677.72718 | KN6: 588.88031 | KO6: 583.64307 | KP6: 635.16051 | KQ6: 584.80456 | KR6: 636.24131 | KS6: 609.83477 | KT6: 674.12342 | KU6: 649.77007 | KV6: 705.76162 | KW6: 782.74861 | KX6: 716.91371 | KY6: 671.54931 | KZ6: 583.50825 | LA6: 578.31474
N7: 131.17733 | O7: 134.47232 | P7: 137.94551 | Q7: 133.43806 | R7: 134.3713 | S7: 141.73368 | T7: 152.43829 | U7: 162.86121 | V7: 160.07056 | W7: 137.4866 | X7: 117.54423 | Y7: 125.25448 | Z7: 130.42995 | AA7: 133.7058 | AB7: 137.15881 | AC7: 132.67671 | AD7: 133.60426 | AE7: 140.92423 | AF7: 151.56729 | AG7: 161.93021 | AH7: 159.15508 | AI7: 136.69991 | AJ7: 116.87133 | AK7: 124.53709 | AL7: 129.68256 | AM7: 132.93928 | AN7: 136.37212 | AO7: 131.91536 | AP7: 132.83722 | AQ7: 140.11478 | AR7: 150.69629 | AS7: 160.99921 | AT7: 158.2396 | AU7: 135.91322 | AV7: 116.19842 | AW7: 123.81971 | AX7: 128.93518 | AY7: 132.17275 | AZ7: 135.58543 | BA7: 131.15401 | BB7: 132.07018 | BC7: 139.30532 | BD7: 149.82529 | BE7: 160.06821 | BF7: 157.32412 | BG7: 135.12652 | BH7: 115.52552 | BI7: 123.10232 | BJ7: 128.18779 | BK7: 131.40623 | BL7: 134.79873 | BM7: 130.39266 | BN7: 131.30314 | BO7: 138.49587 | BP7: 148.95429 | BQ7: 159.13721 | BR7: 156.40864 | BS7: 134.33983 | BT7: 114.85261 | BU7: 122.38493 | BV7: 127.44041 | BW7: 130.63971 | BX7: 134.01204 | BY7: 129.63131 | BZ7: 130.5361 | CA7: 137.68642 | CB7: 148.08329 | CC7: 158.20621 | CD7: 155.49315 | CE7: 133.55314 | CF7: 114.17971 | CG7: 121.66755 | CH7: 126.69302 | CI7: 129.87319 | CJ7: 133.22535 | CK7: 128.86996 | CL7: 129.76906 | CM7: 136.87697 | CN7: 147.21229 | CO7: 157.27522 | CP7: 154.57767 | CQ7: 132.76644 | CR7: 113.5068 | CS7: 120.95016 | CT7: 125.94564 | CU7: 129.10667 | CV7: 132.43865 | CW7: 128.10861 | CX7: 129.00202 | CY7: 136.06752 | CZ7: 146.34128 | DA7: 156.34422 | DB7: 153.66219 | DC7: 131.97975 | DD7: 112.8339 | DE7: 120.23278 | DF7: 125.19825 | DG7: 128.34015 | DH7: 131.65196 | DI7: 127.34726 | DJ7: 128.23498 | DK7: 135.25807 | DL7: 145.47028 | DM7: 155.41322 | DN7: 152.74671 | DO7: 131.19305 | DP7: 112.161 | DQ7: 119.51539 | DR7: 124.45087 | DS7: 127.57362 | DT7: 130.86527 | DU7: 126.58591 | DV7: 127.46795 | DW7: 134.44862 | DX7: 144.59928 | DY7: 154.48222 | DZ7: 151.83123 | EA7: 130.40636 | EB7: 111.48809 | EC7: 118.79801 | ED7: 123.70348 | EE7: 126.8071 | EF7: 130.07857 | EG7: 125.82456 | EH7: 126.70091 | EI7: 133.63917 | EJ7: 143.72828 | EK7: 153.55122 | EL7: 150.91575 | EM7: 129.61967 | EN7: 110.81519 | EO7: 118.08062 | EP7: 122.9561 | EQ7: 126.04058 | ER7: 129.29188 | ES7: 125.06321 | ET7: 125.93387 | EU7: 132.82972 | EV7: 142.85728 | EW7: 152.62023 | EX7: 150.00026 | EY7: 128.83297 | EZ7: 110.14228 | FA7: 117.36323 | FB7: 122.20871 | FC7: 125.27406 | FD7: 128.50519 | FE7: 124.30186 | FF7: 125.16683 | FG7: 132.02026 | FH7: 141.98628 | FI7: 151.68923 | FJ7: 149.08478 | FK7: 128.04628 | FL7: 109.46938 | FM7: 116.64585 | FN7: 121.46133 | FO7: 124.50754 | FP7: 127.71849 | FQ7: 123.54051 | FR7: 124.39979 | FS7: 131.21081 | FT7: 141.11528 | FU7: 150.75823 | FV7: 148.1693 | FW7: 127.25959 | FX7: 108.79647 | FY7: 115.92846 | FZ7: 120.71395 | GA7: 123.74101 | GB7: 126.9318 | GC7: 122.77916 | GD7: 123.63275 | GE7: 130.40136 | GF7: 140.24428 | GG7: 149.82723 | GH7: 147.25382 | GI7: 126.47289 | GJ7: 108.12357 | GK7: 115.21108 | GL7: 119.96656 | GM7: 122.97449 | GN7: 126.14511 | GO7: 122.01781 | GP7: 122.86571 | GQ7: 129.59191 | GR7: 139.37328 | GS7: 148.89623 | GT7: 146.33834 | GU7: 125.6862 | GV7: 107.45066 | GW7: 114.49369 | GX7: 119.21918 | GY7: 122.20797 | GZ7: 125.35841 | HA7: 121.25646 | HB7: 122.09867 | HC7: 128.78246 | HD7: 138.50228 | HE7: 147.96523 | HF7: 145.42286 | HG7: 124.89951 | HH7: 106.77776 | HI7: 113.7763 | HJ7: 118.47179 | HK7: 121.44145 | HL7: 124.57172 | HM7: 120.49511 | HN7: 121.33163 | HO7: 127.97301 | HP7: 137.63128 | HQ7: 147.03424 | HR7: 144.50738 | HS7: 124.11281 | HT7: 106.10485 | HU7: 113.05892 | HV7: 117.72441 | HW7: 120.67493 | HX7: 123.78502 | HY7: 119.73376 | HZ7: 120.56459 | IA7: 127.16356 | IB7: 136.76028 | IC7: 146.10324 | ID7: 143.59189 | IE7: 123.32612 | IF7: 105.43195 | IG7: 112.34153 | IH7: 116.97702 | II7: 119.9084 | IJ7: 122.99833 | IK7: 118.97241 | IL7: 119.79755 | IM7: 126.35411 | IN7: 135.88928 | IO7: 145.17224 | IP7: 142.67641 | IQ7: 122.53943 | IR7: 104.75904 | IS7: 111.62415 | IT7: 116.22964 | IU7: 119.14188 | IV7: 122.21164 | IW7: 118.21107 | IX7: 119.03052 | IY7: 125.54465 | IZ7: 135.01828 | JA7: 144.24124 | JB7: 141.76093 | JC7: 121.75273 | JD7: 104.08614 | JE7: 110.90676 | JF7: 115.48225 | JG7: 118.37536 | JH7: 121.42494 | JI7: 117.44972 | JJ7: 118.26348 | JK7: 124.7352 | JL7: 134.14728 | JM7: 143.31024 | JN7: 140.84545 | JO7: 120.96604 | JP7: 103.41323 | JQ7: 110.18938 | JR7: 114.73487 | JS7: 117.60884 | JT7: 120.63825 | JU7: 116.68837 | JV7: 117.49644 | JW7: 123.92575 | JX7: 133.27628 | JY7: 142.37925 | JZ7: 139.92997 | KA7: 120.17935 | KB7: 102.74033 | KC7: 109.47199 | KD7: 113.98748 | KE7: 116.84232 | KF7: 119.85156 | KG7: 115.92702 | KH7: 116.7294 | KI7: 123.1163 | KJ7: 132.40528 | KK7: 141.44825 | KL7: 139.01449 | KM7: 119.39265 | KN7: 102.06742 | KO7: 108.7546 | KP7: 113.2401 | KQ7: 116.0758 | KR7: 119.06486 | KS7: 115.16567 | KT7: 115.96236 | KU7: 122.30685 | KV7: 131.53428 | KW7: 140.51725 | KX7: 138.099 | KY7: 118.60596 | KZ7: 101.39452 | LA7: 108.03722
N8: 270.42522 | O8: 277.46723 | P8: 284.4117 | Q8: 275.39006 | R8: 280.24405 | S8: 297.23265 | T8: 319.72843 | U8: 340.21153 | V8: 331.00318 | W8: 285.00267 | X8: 243.56471 | Y8: 261.06353 | Z8: 268.88447 | AA8: 275.8856 | AB8: 282.78972 | AC8: 273.81878 | AD8: 278.64432 | AE8: 295.53513 | AF8: 317.90157 | AG8: 338.2667 | AH8: 329.1101 | AI8: 283.3719 | AJ8: 242.17038 | AK8: 259.56831 | AL8: 267.34372 | AM8: 274.30398 | AN8: 281.16774 | AO8: 272.2475 | AP8: 277.04459 | AQ8: 293.83761 | AR8: 316.07471 | AS8: 336.32188 | AT8: 327.21701 | AU8: 281.74112 | AV8: 240.77604 | AW8: 258.07308 | AX8: 265.80297 | AY8: 272.72235 | AZ8: 279.54576 | BA8: 270.67623 | BB8: 275.44485 | BC8: 292.1401 | BD8: 314.24785 | BE8: 334.37706 | BF8: 325.32393 | BG8: 280.11035 | BH8: 239.38171 | BI8: 256.57786 | BJ8: 264.26222 | BK8: 271.14073 | BL8: 277.92378 | BM8: 269.10495 | BN8: 273.84512 | BO8: 290.44258 | BP8: 312.42098 | BQ8: 332.43223 | BR8: 323.43084 | BS8: 278.47957 | BT8: 237.98738 | BU8: 255.08264 | BV8: 262.72147 | BW8: 269.5591 | BX8: 276.3018 | BY8: 267.53367 | BZ8: 272.24539 | CA8: 288.74506 | CB8: 310.59412 | CC8: 330.48741 | CD8: 321.53776 | CE8: 276.8488 | CF8: 236.59304 | CG8: 253.58742 | CH8: 261.18071 | CI8: 267.97748 | CJ8: 274.67982 | CK8: 265.9624 | CL8: 270.64566 | CM8: 287.04754 | CN8: 308.76726 | CO8: 328.54259 | CP8: 319.64467 | CQ8: 275.21802 | CR8: 235.19871 | CS8: 252.09219 | CT8: 259.63996 | CU8: 266.39586 | CV8: 273.05784 | CW8: 264.39112 | CX8: 269.04592 | CY8: 285.35003 | CZ8: 306.9404 | DA8: 326.59776 | DB8: 317.75158 | DC8: 273.58725 | DD8: 233.80437 | DE8: 250.59697 | DF8: 258.09921 | DG8: 264.81423 | DH8: 271.43586 | DI8: 262.81984 | DJ8: 267.44619 | DK8: 283.65251 | DL8: 305.11354 | DM8: 324.65294 | DN8: 315.8585 | DO8: 271.95647 | DP8: 232.41004 | DQ8: 249.10175 | DR8: 256.55846 | DS8: 263.23261 | DT8: 269.81388 | DU8: 261.24857 | DV8: 265.84646 | DW8: 281.95499 | DX8: 303.28668 | DY8: 322.70812 | DZ8: 313.96541 | EA8: 270.3257 | EB8: 231.01571 | EC8: 247.60653 | ED8: 255.01771 | EE8: 261.65098 | EF8: 268.1919 | EG8: 259.67729 | EH8: 264.24673 | EI8: 280.25748 | EJ8: 301.45982 | EK8: 320.76329 | EL8: 312.07233 | EM8: 268.69492 | EN8: 229.62137 | EO8: 246.11131 | EP8: 253.47696 | EQ8: 260.06936 | ER8: 266.56992 | ES8: 258.10601 | ET8: 262.64699 | EU8: 278.55996 | EV8: 299.63295 | EW8: 318.81847 | EX8: 310.17924 | EY8: 267.06415 | EZ8: 228.22704 | FA8: 244.61608 | FB8: 251.93621 | FC8: 258.48773 | FD8: 264.94794 | FE8: 256.53473 | FF8: 261.04726 | FG8: 276.86244 | FH8: 297.80609 | FI8: 316.87364 | FJ8: 308.28616 | FK8: 265.43337 | FL8: 226.83271 | FM8: 243.12086 | FN8: 250.39545 | FO8: 256.90611 | FP8: 263.32596 | FQ8: 254.96346 | FR8: 259.44753 | FS8: 275.16493 | FT8: 295.97923 | FU8: 314.92882 | FV8: 306.39307 | FW8: 263.8026 | FX8: 225.43837 | FY8: 241.62564 | FZ8: 248.8547 | GA8: 255.32449 | GB8: 261.70398 | GC8: 253.39218 | GD8: 257.8478 | GE8: 273.46741 | GF8: 294.15237 | GG8: 312.984 | GH8: 304.49998 | GI8: 262.17182 | GJ8: 224.04404 | GK8: 240.13042 | GL8: 247.31395 | GM8: 253.74286 | GN8: 260.082 | GO8: 251.8209 | GP8: 256.24806 | GQ8: 271.76989 | GR8: 292.32551 | GS8: 311.03917 | GT8: 302.6069 | GU8: 260.54105 | GV8: 222.64971 | GW8: 238.6352 | GX8: 245.7732 | GY8: 252.16124 | GZ8: 258.46002 | HA8: 250.24963 | HB8: 254.64833 | HC8: 270.07238 | HD8: 290.49865 | HE8: 309.09435 | HF8: 300.71381 | HG8: 258.91027 | HH8: 221.25537 | HI8: 237.13997 | HJ8: 244.23245 | HK8: 250.57961 | HL8: 256.83804 | HM8: 248.67835 | HN8: 253.0486 | HO8: 268.37486 | HP8: 288.67179 | HQ8: 307.14953 | HR8: 298.82073 | HS8: 257.2795 | HT8: 219.86104 | HU8: 235.64475 | HV8: 242.6917 | HW8: 248.99799 | HX8: 255.21606 | HY8: 247.10707 | HZ8: 251.44887 | IA8: 266.67734 | IB8: 286.84492 | IC8: 305.2047 | ID8: 296.92764 | IE8: 255.64872 | IF8: 218.46671 | IG8: 234.14953 | IH8: 241.15095 | II8: 247.41636 | IJ8: 253.59408 | IK8: 245.5358 | IL8: 249.84913 | IM8: 264.97982 | IN8: 285.01806 | IO8: 303.25988 | IP8: 295.03455 | IQ8: 254.01795 | IR8: 217.07237 | IS8: 232.65431 | IT8: 239.61019 | IU8: 245.83474 | IV8: 251.9721 | IW8: 243.96452 | IX8: 248.2494 | IY8: 263.28231 | IZ8: 283.1912 | JA8: 301.31506 | JB8: 293.14147 | JC8: 252.38717 | JD8: 215.67804 | JE8: 231.15908 | JF8: 238.06944 | JG8: 244.25312 | JH8: 250.35012 | JI8: 242.39324 | JJ8: 246.64967 | JK8: 261.58479 | JL8: 281.36434 | JM8: 299.37023 | JN8: 291.24838 | JO8: 250.7564 | JP8: 214.28371 | JQ8: 229.66386 | JR8: 236.52869 | JS8: 242.67149 | JT8: 248.72814 | JU8: 240.82197 | JV8: 245.04994 | JW8: 259.88727 | JX8: 279.53748 | JY8: 297.42541 | JZ8: 289.3553 | KA8: 249.12562 | KB8: 212.88937 | KC8: 228.16864 | KD8: 234.98794 | KE8: 241.08987 | KF8: 247.10616 | KG8: 239.25069 | KH8: 243.4502 | KI8: 258.18976 | KJ8: 277.71062 | KK8: 295.48059 | KL8: 287.46221 | KM8: 247.49485 | KN8: 211.49504 | KO8: 226.67342 | KP8: 233.44719 | KQ8: 239.50824 | KR8: 245.48418 | KS8: 237.67941 | KT8: 241.85047 | KU8: 256.49224 | KV8: 275.88376 | KW8: 293.53576 | KX8: 285.56913 | KY8: 245.86407 | KZ8: 210.10071 | LA8: 225.1782
N9: 176.31299 | O9: 180.85734 | P9: 185.39729 | Q9: 179.41628 | R9: 181.14331 | S9: 191.29198 | T9: 205.7764 | U9: 219.704 | V9: 215.52933 | W9: 185.05173 | X9: 158.12707 | Y9: 168.79915 | Z9: 175.30844 | AA9: 179.82641 | AB9: 184.33998 | AC9: 178.39259 | AD9: 180.10928 | AE9: 190.1995 | AF9: 204.60063 | AG9: 218.44806 | AH9: 214.29667 | AI9: 183.99287 | AJ9: 157.22184 | AK9: 167.83236 | AL9: 174.3039 | AM9: 178.79548 | AN9: 183.28267 | AO9: 177.36891 | AP9: 179.07525 | AQ9: 189.10702 | AR9: 203.42487 | AS9: 217.19212 | AT9: 213.06401 | AU9: 182.93401 | AV9: 156.31661 | AW9: 166.86558 | AX9: 173.29935 | AY9: 177.76456 | AZ9: 182.22537 | BA9: 176.34522 | BB9: 178.04122 | BC9: 188.01454 | BD9: 202.24911 | BE9: 215.93618 | BF9: 211.83134 | BG9: 181.87515 | BH9: 155.41138 | BI9: 165.89879 | BJ9: 172.29481 | BK9: 176.73363 | BL9: 181.16806 | BM9: 175.32154 | BN9: 177.00719 | BO9: 186.92206 | BP9: 201.07334 | BQ9: 214.68024 | BR9: 210.59868 | BS9: 180.81629 | BT9: 154.50615 | BU9: 164.93201 | BV9: 171.29026 | BW9: 175.7027 | BX9: 180.11075 | BY9: 174.29785 | BZ9: 175.97316 | CA9: 185.82957 | CB9: 199.89758 | CC9: 213.4243 | CD9: 209.36602 | CE9: 179.75743 | CF9: 153.60092 | CG9: 163.96522 | CH9: 170.28572 | CI9: 174.67178 | CJ9: 179.05344 | CK9: 173.27417 | CL9: 174.93913 | CM9: 184.73709 | CN9: 198.72182 | CO9: 212.16836 | CP9: 208.13335 | CQ9: 178.69857 | CR9: 152.6957 | CS9: 162.99844 | CT9: 169.28117 | CU9: 173.64085 | CV9: 177.99614 | CW9: 172.25048 | CX9: 173.9051 | CY9: 183.64461 | CZ9: 197.54605 | DA9: 210.91241 | DB9: 206.90069 | DC9: 177.63971 | DD9: 151.79047 | DE9: 162.03165 | DF9: 168.27662 | DG9: 172.60992 | DH9: 176.93883 | DI9: 171.2268 | DJ9: 172.87107 | DK9: 182.55213 | DL9: 196.37029 | DM9: 209.65647 | DN9: 205.66803 | DO9: 176.58086 | DP9: 150.88524 | DQ9: 161.06487 | DR9: 167.27208 | DS9: 171.579 | DT9: 175.88152 | DU9: 170.20311 | DV9: 171.83704 | DW9: 181.45964 | DX9: 195.19453 | DY9: 208.40053 | DZ9: 204.43536 | EA9: 175.522 | EB9: 149.98001 | EC9: 160.09808 | ED9: 166.26753 | EE9: 170.54807 | EF9: 174.82421 | EG9: 169.17943 | EH9: 170.80301 | EI9: 180.36716 | EJ9: 194.01876 | EK9: 207.14459 | EL9: 203.2027 | EM9: 174.46314 | EN9: 149.07478 | EO9: 159.1313 | EP9: 165.26299 | EQ9: 169.51714 | ER9: 173.76691 | ES9: 168.15574 | ET9: 169.76897 | EU9: 179.27468 | EV9: 192.843 | EW9: 205.88865 | EX9: 201.97004 | EY9: 173.40428 | EZ9: 148.16955 | FA9: 158.16451 | FB9: 164.25844 | FC9: 168.48622 | FD9: 172.7096 | FE9: 167.13206 | FF9: 168.73494 | FG9: 178.1822 | FH9: 191.66724 | FI9: 204.63271 | FJ9: 200.73737 | FK9: 172.34542 | FL9: 147.26432 | FM9: 157.19773 | FN9: 163.2539 | FO9: 167.45529 | FP9: 171.65229 | FQ9: 166.10837 | FR9: 167.70091 | FS9: 177.08972 | FT9: 190.49147 | FU9: 203.37677 | FV9: 199.50471 | FW9: 171.28656 | FX9: 146.35909 | FY9: 156.23094 | FZ9: 162.24935 | GA9: 166.42436 | GB9: 170.59498 | GC9: 165.08469 | GD9: 166.66688 | GE9: 175.99723 | GF9: 189.31571 | GG9: 202.12083 | GH9: 198.27205 | GI9: 170.2277 | GJ9: 145.45386 | GK9: 155.26416 | GL9: 161.2448 | GM9: 165.39344 | GN9: 169.53768 | GO9: 164.061 | GP9: 165.63285 | GQ9: 174.90475 | GR9: 188.13995 | GS9: 200.86489 | GT9: 197.03938 | GU9: 169.16884 | GV9: 144.54863 | GW9: 154.29737 | GX9: 160.24026 | GY9: 164.36251 | GZ9: 168.48037 | HA9: 163.03732 | HB9: 164.59882 | HC9: 173.81227 | HD9: 186.96418 | HE9: 199.60895 | HF9: 195.80672 | HG9: 168.10998 | HH9: 143.6434 | HI9: 153.33059 | HJ9: 159.23571 | HK9: 163.33158 | HL9: 167.42306 | HM9: 162.01363 | HN9: 163.56479 | HO9: 172.71979 | HP9: 185.78842 | HQ9: 198.35301 | HR9: 194.57406 | HS9: 167.05112 | HT9: 142.73817 | HU9: 152.36381 | HV9: 158.23117 | HW9: 162.30066 | HX9: 166.36575 | HY9: 160.98995 | HZ9: 162.53076 | IA9: 171.6273 | IB9: 184.61266 | IC9: 197.09707 | ID9: 193.34139 | IE9: 165.99226 | IF9: 141.83295 | IG9: 151.39702 | IH9: 157.22662 | II9: 161.26973 | IJ9: 165.30844 | IK9: 159.96626 | IL9: 161.49673 | IM9: 170.53482 | IN9: 183.43689 | IO9: 195.84113 | IP9: 192.10873 | IQ9: 164.9334 | IR9: 140.92772 | IS9: 150.43024 | IT9: 156.22208 | IU9: 160.2388 | IV9: 164.25114 | IW9: 158.94258 | IX9: 160.4627 | IY9: 169.44234 | IZ9: 182.26113 | JA9: 194.58518 | JB9: 190.87607 | JC9: 163.87454 | JD9: 140.02249 | JE9: 149.46345 | JF9: 155.21753 | JG9: 159.20788 | JH9: 163.19383 | JI9: 157.91889 | JJ9: 159.42867 | JK9: 168.34986 | JL9: 181.08537 | JM9: 193.32924 | JN9: 189.6434 | JO9: 162.81568 | JP9: 139.11726 | JQ9: 148.49667 | JR9: 154.21298 | JS9: 158.17695 | JT9: 162.13652 | JU9: 156.89521 | JV9: 158.39464 | JW9: 167.25738 | JX9: 179.9096 | JY9: 192.0733 | JZ9: 188.41074 | KA9: 161.75682 | KB9: 138.21203 | KC9: 147.52988 | KD9: 153.20844 | KE9: 157.14602 | KF9: 161.07921 | KG9: 155.87152 | KH9: 157.36061 | KI9: 166.16489 | KJ9: 178.73384 | KK9: 190.81736 | KL9: 187.17807 | KM9: 160.69796 | KN9: 137.3068 | KO9: 146.5631 | KP9: 152.20389 | KQ9: 156.1151 | KR9: 160.02191 | KS9: 154.84784 | KT9: 156.32658 | KU9: 165.07241 | KV9: 177.55808 | KW9: 189.56142 | KX9: 185.94541 | KY9: 159.6391 | KZ9: 136.40157 | LA9: 145.59631
N10: 176.31299 | O10: 180.85734 | P10: 185.39729 | Q10: 179.41628 | R10: 181.14331 | S10: 191.29198 | T10: 205.7764 | U10: 219.704 | V10: 215.52933 | W10: 185.05173 | X10: 158.12707 | Y10: 168.79915 | Z10: 175.30844 | AA10: 179.82641 | AB10: 184.33998 | AC10: 178.39259 | AD10: 180.10928 | AE10: 190.1995 | AF10: 204.60063 | AG10: 218.44806 | AH10: 214.29667 | AI10: 183.99287 | AJ10: 157.22184 | AK10: 167.83236 | AL10: 174.3039 | AM10: 178.79548 | AN10: 183.28267 | AO10: 177.36891 | AP10: 179.07525 | AQ10: 189.10702 | AR10: 203.42487 | AS10: 217.19212 | AT10: 213.06401 | AU10: 182.93401 | AV10: 156.31661 | AW10: 166.86558 | AX10: 173.29935 | AY10: 177.76456 | AZ10: 182.22537 | BA10: 176.34522 | BB10: 178.04122 | BC10: 188.01454 | BD10: 202.24911 | BE10: 215.93618 | BF10: 211.83134 | BG10: 181.87515 | BH10: 155.41138 | BI10: 165.89879 | BJ10: 172.29481 | BK10: 176.73363 | BL10: 181.16806 | BM10: 175.32154 | BN10: 177.00719 | BO10: 186.92206 | BP10: 201.07334 | BQ10: 214.68024 | BR10: 210.59868 | BS10: 180.81629 | BT10: 154.50615 | BU10: 164.93201 | BV10: 171.29026 | BW10: 175.7027 | BX10: 180.11075 | BY10: 174.29785 | BZ10: 175.97316 | CA10: 185.82957 | CB10: 199.89758 | CC10: 213.4243 | CD10: 209.36602 | CE10: 179.75743 | CF10: 153.60092 | CG10: 163.96522 | CH10: 170.28572 | CI10: 174.67178 | CJ10: 179.05344 | CK10: 173.27417 | CL10: 174.93913 | CM10: 184.73709 | CN10: 198.72182 | CO10: 212.16836 | CP10: 208.13335 | CQ10: 178.69857 | CR10: 152.6957 | CS10: 162.99844 | CT10: 169.28117 | CU10: 173.64085 | CV10: 177.99614 | CW10: 172.25048 | CX10: 173.9051 | CY10: 183.64461 | CZ10: 197.54605 | DA10: 210.91241 | DB10: 206.90069 | DC10: 177.63971 | DD10: 151.79047 | DE10: 162.03165 | DF10: 168.27662 | DG10: 172.60992 | DH10: 176.93883 | DI10: 171.2268 | DJ10: 172.87107 | DK10: 182.55213 | DL10: 196.37029 | DM10: 209.65647 | DN10: 205.66803 | DO10: 176.58086 | DP10: 150.88524 | DQ10: 161.06487 | DR10: 167.27208 | DS10: 171.579 | DT10: 175.88152 | DU10: 170.20311 | DV10: 171.83704 | DW10: 181.45964 | DX10: 195.19453 | DY10: 208.40053 | DZ10: 204.43536 | EA10: 175.522 | EB10: 149.98001 | EC10: 160.09808 | ED10: 166.26753 | EE10: 170.54807 | EF10: 174.82421 | EG10: 169.17943 | EH10: 170.80301 | EI10: 180.36716 | EJ10: 194.01876 | EK10: 207.14459 | EL10: 203.2027 | EM10: 174.46314 | EN10: 149.07478 | EO10: 159.1313 | EP10: 165.26299 | EQ10: 169.51714 | ER10: 173.76691 | ES10: 168.15574 | ET10: 169.76897 | EU10: 179.27468 | EV10: 192.843 | EW10: 205.88865 | EX10: 201.97004 | EY10: 173.40428 | EZ10: 148.16955 | FA10: 158.16451 | FB10: 164.25844 | FC10: 168.48622 | FD10: 172.7096 | FE10: 167.13206 | FF10: 168.73494 | FG10: 178.1822 | FH10: 191.66724 | FI10: 204.63271 | FJ10: 200.73737 | FK10: 172.34542 | FL10: 147.26432 | FM10: 157.19773 | FN10: 163.2539 | FO10: 167.45529 | FP10: 171.65229 | FQ10: 166.10837 | FR10: 167.70091 | FS10: 177.08972 | FT10: 190.49147 | FU10: 203.37677 | FV10: 199.50471 | FW10: 171.28656 | FX10: 146.35909 | FY10: 156.23094 | FZ10: 162.24935 | GA10: 166.42436 | GB10: 170.59498 | GC10: 165.08469 | GD10: 166.66688 | GE10: 175.99723 | GF10: 189.31571 | GG10: 202.12083 | GH10: 198.27205 | GI10: 170.2277 | GJ10: 145.45386 | GK10: 155.26416 | GL10: 161.2448 | GM10: 165.39344 | GN10: 169.53768 | GO10: 164.061 | GP10: 165.63285 | GQ10: 174.90475 | GR10: 188.13995 | GS10: 200.86489 | GT10: 197.03938 | GU10: 169.16884 | GV10: 144.54863 | GW10: 154.29737 | GX10: 160.24026 | GY10: 164.36251 | GZ10: 168.48037 | HA10: 163.03732 | HB10: 164.59882 | HC10: 173.81227 | HD10: 186.96418 | HE10: 199.60895 | HF10: 195.80672 | HG10: 168.10998 | HH10: 143.6434 | HI10: 153.33059 | HJ10: 159.23571 | HK10: 163.33158 | HL10: 167.42306 | HM10: 162.01363 | HN10: 163.56479 | HO10: 172.71979 | HP10: 185.78842 | HQ10: 198.35301 | HR10: 194.57406 | HS10: 167.05112 | HT10: 142.73817 | HU10: 152.36381 | HV10: 158.23117 | HW10: 162.30066 | HX10: 166.36575 | HY10: 160.98995 | HZ10: 162.53076 | IA10: 171.6273 | IB10: 184.61266 | IC10: 197.09707 | ID10: 193.34139 | IE10: 165.99226 | IF10: 141.83295 | IG10: 151.39702 | IH10: 157.22662 | II10: 161.26973 | IJ10: 165.30844 | IK10: 159.96626 | IL10: 161.49673 | IM10: 170.53482 | IN10: 183.43689 | IO10: 195.84113 | IP10: 192.10873 | IQ10: 164.9334 | IR10: 140.92772 | IS10: 150.43024 | IT10: 156.22208 | IU10: 160.2388 | IV10: 164.25114 | IW10: 158.94258 | IX10: 160.4627 | IY10: 169.44234 | IZ10: 182.26113 | JA10: 194.58518 | JB10: 190.87607 | JC10: 163.87454 | JD10: 140.02249 | JE10: 149.46345 | JF10: 155.21753 | JG10: 159.20788 | JH10: 163.19383 | JI10: 157.91889 | JJ10: 159.42867 | JK10: 168.34986 | JL10: 181.08537 | JM10: 193.32924 | JN10: 189.6434 | JO10: 162.81568 | JP10: 139.11726 | JQ10: 148.49667 | JR10: 154.21298 | JS10: 158.17695 | JT10: 162.13652 | JU10: 156.89521 | JV10: 158.39464 | JW10: 167.25738 | JX10: 179.9096 | JY10: 192.0733 | JZ10: 188.41074 | KA10: 161.75682 | KB10: 138.21203 | KC10: 147.52988 | KD10: 153.20844 | KE10: 157.14602 | KF10: 161.07921 | KG10: 155.87152 | KH10: 157.36061 | KI10: 166.16489 | KJ10: 178.73384 | KK10: 190.81736 | KL10: 187.17807 | KM10: 160.69796 | KN10: 137.3068 | KO10: 146.5631 | KP10: 152.20389 | KQ10: 156.1151 | KR10: 160.02191 | KS10: 154.84784 | KT10: 156.32658 | KU10: 165.07241 | KV10: 177.55808 | KW10: 189.56142 | KX10: 185.94541 | KY10: 159.6391 | KZ10: 136.40157 | LA10: 145.59631
N11: 622.36814 | O11: 658.96633 | P11: 544.22591 | Q11: 523.93899 | R11: 440.9713 | S11: 468.03934 | T11: 415.26815 | U11: 434.89897 | V11: 597.09192 | W11: 491.87325 | X11: 681.40852 | Y11: 611.91522 | Z11: 619.8218 | AA11: 656.26934 | AB11: 541.99776 | AC11: 521.79316 | AD11: 439.16466 | AE11: 466.12115 | AF11: 413.56565 | AG11: 433.11538 | AH11: 594.64231 | AI11: 489.85462 | AJ11: 678.61108 | AK11: 609.40222 | AL11: 617.27546 | AM11: 653.57234 | AN11: 539.76961 | AO11: 519.64734 | AP11: 437.35801 | AQ11: 464.20296 | AR11: 411.86315 | AS11: 431.33179 | AT11: 592.1927 | AU11: 487.83598 | AV11: 675.81365 | AW11: 606.88922 | AX11: 614.72912 | AY11: 650.87534 | AZ11: 537.54146 | BA11: 517.50151 | BB11: 435.55137 | BC11: 462.28476 | BD11: 410.16065 | BE11: 429.5482 | BF11: 589.74309 | BG11: 485.81735 | BH11: 673.01621 | BI11: 604.37622 | BJ11: 612.18277 | BK11: 648.17834 | BL11: 535.31331 | BM11: 515.35569 | BN11: 433.74473 | BO11: 460.36657 | BP11: 408.45815 | BQ11: 427.76461 | BR11: 587.29349 | BS11: 483.79872 | BT11: 670.21878 | BU11: 601.86322 | BV11: 609.63643 | BW11: 645.48135 | BX11: 533.08516 | BY11: 513.20986 | BZ11: 431.93809 | CA11: 458.44837 | CB11: 406.75565 | CC11: 425.98102 | CD11: 584.84388 | CE11: 481.78009 | CF11: 667.42134 | CG11: 599.35022 | CH11: 607.09009 | CI11: 642.78435 | CJ11: 530.85701 | CK11: 511.06404 | CL11: 430.13145 | CM11: 456.53018 | CN11: 405.05315 | CO11: 424.19743 | CP11: 582.39427 | CQ11: 479.76146 | CR11: 664.62391 | CS11: 596.83722 | CT11: 604.54375 | CU11: 640.08735 | CV11: 528.62886 | CW11: 508.91821 | CX11: 428.3248 | CY11: 454.61198 | CZ11: 403.35065 | DA11: 422.41384 | DB11: 579.94466 | DC11: 477.74283 | DD11: 661.82647 | DE11: 594.32422 | DF11: 601.99741 | DG11: 637.39035 | DH11: 526.40071 | DI11: 506.77239 | DJ11: 426.51816 | DK11: 452.69379 | DL11: 401.64815 | DM11: 420.63024 | DN11: 577.49506 | DO11: 475.72419 | DP11: 659.02904 | DQ11: 591.81122 | DR11: 599.45107 | DS11: 634.69336 | DT11: 524.17255 | DU11: 504.62656 | DV11: 424.71152 | DW11: 450.7756 | DX11: 399.94565 | DY11: 418.84665 | DZ11: 575.04545 | EA11: 473.70556 | EB11: 656.2316 | EC11: 589.29823 | ED11: 596.90473 | EE11: 631.99636 | EF11: 521.9444 | EG11: 502.48074 | EH11: 422.90488 | EI11: 448.8574 | EJ11: 398.24315 | EK11: 417.06306 | EL11: 572.59584 | EM11: 471.68693 | EN11: 653.43417 | EO11: 586.78523 | EP11: 594.35839 | EQ11: 629.29936 | ER11: 519.71625 | ES11: 500.33491 | ET11: 421.09823 | EU11: 446.93921 | EV11: 396.54065 | EW11: 415.27947 | EX11: 570.14623 | EY11: 469.6683 | EZ11: 650.63673 | FA11: 584.27223 | FB11: 591.81205 | FC11: 626.60237 | FD11: 517.4881 | FE11: 498.18909 | FF11: 419.29159 | FG11: 445.02101 | FH11: 394.83815 | FI11: 413.49588 | FJ11: 567.69662 | FK11: 467.64967 | FL11: 647.8393 | FM11: 581.75923 | FN11: 589.26571 | FO11: 623.90537 | FP11: 515.25995 | FQ11: 496.04326 | FR11: 417.48495 | FS11: 443.10282 | FT11: 393.13565 | FU11: 411.71229 | FV11: 565.24702 | FW11: 465.63104 | FX11: 645.04186 | FY11: 579.24623 | FZ11: 586.71937 | GA11: 621.20837 | GB11: 513.0318 | GC11: 493.89744 | GD11: 415.67831 | GE11: 441.18463 | GF11: 391.43315 | GG11: 409.9287 | GH11: 562.79741 | GI11: 463.6124 | GJ11: 642.24443 | GK11: 576.73323 | GL11: 584.17303 | GM11: 618.51137 | GN11: 510.80365 | GO11: 491.75161 | GP11: 413.87166 | GQ11: 439.26643 | GR11: 389.73065 | GS11: 408.14511 | GT11: 560.3478 | GU11: 461.59377 | GV11: 639.44699 | GW11: 574.22023 | GX11: 581.62668 | GY11: 615.81438 | GZ11: 508.5755 | HA11: 489.60579 | HB11: 412.06502 | HC11: 437.34824 | HD11: 388.02815 | HE11: 406.36152 | HF11: 557.89819 | HG11: 459.57514 | HH11: 636.64956 | HI11: 571.70723 | HJ11: 579.08034 | HK11: 613.11738 | HL11: 506.34734 | HM11: 487.45996 | HN11: 410.25838 | HO11: 435.43004 | HP11: 386.32565 | HQ11: 404.57792 | HR11: 555.44858 | HS11: 457.55651 | HT11: 633.85212 | HU11: 569.19424 | HV11: 576.534 | HW11: 610.42038 | HX11: 504.11919 | HY11: 485.31413 | HZ11: 408.45174 | IA11: 433.51185 | IB11: 384.62315 | IC11: 402.79433 | ID11: 552.99898 | IE11: 455.53788 | IF11: 631.05469 | IG11: 566.68124 | IH11: 573.98766 | II11: 607.72338 | IJ11: 501.89104 | IK11: 483.16831 | IL11: 406.64509 | IM11: 431.59366 | IN11: 382.92065 | IO11: 401.01074 | IP11: 550.54937 | IQ11: 453.51925 | IR11: 628.25725 | IS11: 564.16824 | IT11: 571.44132 | IU11: 605.02639 | IV11: 499.66289 | IW11: 481.02248 | IX11: 404.83845 | IY11: 429.67546 | IZ11: 381.21815 | JA11: 399.22715 | JB11: 548.09976 | JC11: 451.50061 | JD11: 625.45982 | JE11: 561.65524 | JF11: 568.89498 | JG11: 602.32939 | JH11: 497.43474 | JI11: 478.87666 | JJ11: 403.03181 | JK11: 427.75727 | JL11: 379.51565 | JM11: 397.44356 | JN11: 545.65015 | JO11: 449.48198 | JP11: 622.66238 | JQ11: 559.14224 | JR11: 566.34864 | JS11: 599.63239 | JT11: 495.20659 | JU11: 476.73083 | JV11: 401.22517 | JW11: 425.83907 | JX11: 377.81315 | JY11: 395.65997 | JZ11: 543.20054 | KA11: 447.46335 | KB11: 619.86495 | KC11: 556.62924 | KD11: 563.8023 | KE11: 596.9354 | KF11: 492.97844 | KG11: 474.58501 | KH11: 399.41852 | KI11: 423.92088 | KJ11: 376.11065 | KK11: 393.87638 | KL11: 540.75094 | KM11: 445.44472 | KN11: 617.06751 | KO11: 554.11624 | KP11: 561.25596 | KQ11: 594.2384 | KR11: 490.75029 | KS11: 472.43918 | KT11: 397.61188 | KU11: 422.00269 | KV11: 374.40815 | KW11: 392.09279 | KX11: 538.30133 | KY11: 443.42609 | KZ11: 614.27008 | LA11: 551.60324
N12: 502.24011 | O12: 466.15039 | P12: 463.94796 | Q12: 496.52692 | R12: 476.03523 | S12: 430.70372 | T12: 507.76935 | U12: 524.46001 | V12: 474.28016 | W12: 531.66531 | X12: 546.34719 | Y12: 519.0443 | Z12: 499.36905 | AA12: 463.48437 | AB12: 461.29326 | AC12: 493.68445 | AD12: 473.30877 | AE12: 428.23572 | AF12: 504.85836 | AG12: 521.45189 | AH12: 471.55855 | AI12: 528.61295 | AJ12: 543.20904 | AK12: 516.06155 | AL12: 496.49799 | AM12: 460.81834 | AN12: 458.63857 | AO12: 490.84199 | AP12: 470.58232 | AQ12: 425.76772 | AR12: 501.94737 | AS12: 518.44378 | AT12: 468.83695 | AU12: 525.56059 | AV12: 540.07089 | AW12: 513.07879 | AX12: 493.62693 | AY12: 458.15232 | AZ12: 455.98388 | BA12: 487.99952 | BB12: 467.85586 | BC12: 423.29972 | BD12: 499.03638 | BE12: 515.43567 | BF12: 466.11535 | BG12: 522.50824 | BH12: 536.93274 | BI12: 510.09604 | BJ12: 490.75586 | BK12: 455.48629 | BL12: 453.32918 | BM12: 485.15706 | BN12: 465.1294 | BO12: 420.83172 | BP12: 496.12539 | BQ12: 512.42755 | BR12: 463.39375 | BS12: 519.45588 | BT12: 533.79459 | BU12: 507.11329 | BV12: 487.8848 | BW12: 452.82027 | BX12: 450.67449 | BY12: 482.31459 | BZ12: 462.40295 | CA12: 418.36371 | CB12: 493.2144 | CC12: 509.41944 | CD12: 460.67215 | CE12: 516.40352 | CF12: 530.65644 | CG12: 504.13053 | CH12: 485.01374 | CI12: 450.15424 | CJ12: 448.0198 | CK12: 479.47213 | CL12: 459.67649 | CM12: 415.89571 | CN12: 490.30341 | CO12: 506.41133 | CP12: 457.95055 | CQ12: 513.35116 | CR12: 527.51829 | CS12: 501.14778 | CT12: 482.14268 | CU12: 447.48822 | CV12: 445.3651 | CW12: 476.62966 | CX12: 456.95003 | CY12: 413.42771 | CZ12: 487.39242 | DA12: 503.40321 | DB12: 455.22895 | DC12: 510.2988 | DD12: 524.38014 | DE12: 498.16502 | DF12: 479.27162 | DG12: 444.82219 | DH12: 442.71041 | DI12: 473.7872 | DJ12: 454.22358 | DK12: 410.95971 | DL12: 484.48143 | DM12: 500.3951 | DN12: 452.50735 | DO12: 507.24645 | DP12: 521.24199 | DQ12: 495.18227 | DR12: 476.40055 | DS12: 442.15617 | DT12: 440.05571 | DU12: 470.94473 | DV12: 451.49712 | DW12: 408.49171 | DX12: 481.57044 | DY12: 497.38699 | DZ12: 449.78575 | EA12: 504.19409 | EB12: 518.10384 | EC12: 492.19952 | ED12: 473.52949 | EE12: 439.49014 | EF12: 437.40102 | EG12: 468.10227 | EH12: 448.77066 | EI12: 406.0237 | EJ12: 478.65945 | EK12: 494.37887 | EL12: 447.06415 | EM12: 501.14173 | EN12: 514.96569 | EO12: 489.21676 | EP12: 470.65843 | EQ12: 436.82412 | ER12: 434.74633 | ES12: 465.2598 | ET12: 446.04421 | EU12: 403.5557 | EV12: 475.74846 | EW12: 491.37076 | EX12: 444.34255 | EY12: 498.08937 | EZ12: 511.82754 | FA12: 486.23401 | FB12: 467.78737 | FC12: 434.1581 | FD12: 432.09163 | FE12: 462.41734 | FF12: 443.31775 | FG12: 401.0877 | FH12: 472.83747 | FI12: 488.36265 | FJ12: 441.62095 | FK12: 495.03701 | FL12: 508.68939 | FM12: 483.25126 | FN12: 464.91631 | FO12: 431.49207 | FP12: 429.43694 | FQ12: 459.57487 | FR12: 440.59129 | FS12: 398.6197 | FT12: 469.92648 | FU12: 485.35453 | FV12: 438.89935 | FW12: 491.98465 | FX12: 505.55124 | FY12: 480.2685 | FZ12: 462.04524 | GA12: 428.82605 | GB12: 426.78225 | GC12: 456.73241 | GD12: 437.86484 | GE12: 396.1517 | GF12: 467.01549 | GG12: 482.34642 | GH12: 436.17775 | GI12: 488.9323 | GJ12: 502.41309 | GK12: 477.28575 | GL12: 459.17418 | GM12: 426.16002 | GN12: 424.12755 | GO12: 453.88995 | GP12: 435.13838 | GQ12: 393.68369 | GR12: 464.1045 | GS12: 479.33831 | GT12: 433.45614 | GU12: 485.87994 | GV12: 499.27494 | GW12: 474.303 | GX12: 456.30312 | GY12: 423.494 | GZ12: 421.47286 | HA12: 451.04748 | HB12: 432.41192 | HC12: 391.21569 | HD12: 461.1935 | HE12: 476.33019 | HF12: 430.73454 | HG12: 482.82758 | HH12: 496.13679 | HI12: 471.32024 | HJ12: 453.43206 | HK12: 420.82797 | HL12: 418.81816 | HM12: 448.20502 | HN12: 429.68547 | HO12: 388.74769 | HP12: 458.28251 | HQ12: 473.32208 | HR12: 428.01294 | HS12: 479.77522 | HT12: 492.99864 | HU12: 468.33749 | HV12: 450.561 | HW12: 418.16195 | HX12: 416.16347 | HY12: 445.36255 | HZ12: 426.95901 | IA12: 386.27969 | IB12: 455.37152 | IC12: 470.31397 | ID12: 425.29134 | IE12: 476.72286 | IF12: 489.86049 | IG12: 465.35474 | IH12: 447.68993 | II12: 415.49592 | IJ12: 413.50878 | IK12: 442.52009 | IL12: 424.23255 | IM12: 383.81169 | IN12: 452.46053 | IO12: 467.30585 | IP12: 422.56974 | IQ12: 473.6705 | IR12: 486.72234 | IS12: 462.37198 | IT12: 444.81887 | IU12: 412.8299 | IV12: 410.85408 | IW12: 439.67762 | IX12: 421.50609 | IY12: 381.34369 | IZ12: 449.54954 | JA12: 464.29774 | JB12: 419.84814 | JC12: 470.61815 | JD12: 483.58419 | JE12: 459.38923 | JF12: 441.94781 | JG12: 410.16387 | JH12: 408.19939 | JI12: 436.83516 | JJ12: 418.77964 | JK12: 378.87568 | JL12: 446.63855 | JM12: 461.28963 | JN12: 417.12654 | JO12: 467.56579 | JP12: 480.44604 | JQ12: 456.40648 | JR12: 439.07675 | JS12: 407.49785 | JT12: 405.5447 | JU12: 433.99269 | JV12: 416.05318 | JW12: 376.40768 | JX12: 443.72756 | JY12: 458.28151 | JZ12: 414.40494 | KA12: 464.51343 | KB12: 477.30789 | KC12: 453.42372 | KD12: 436.20568 | KE12: 404.83182 | KF12: 402.89 | KG12: 431.15023 | KH12: 413.32672 | KI12: 373.93968 | KJ12: 440.81657 | KK12: 455.2734 | KL12: 411.68334 | KM12: 461.46107 | KN12: 474.16974 | KO12: 450.44097 | KP12: 433.33462 | KQ12: 402.1658 | KR12: 400.23531 | KS12: 428.30776 | KT12: 410.60027 | KU12: 371.47168 | KV12: 437.90558 | KW12: 452.26529 | KX12: 408.96174 | KY12: 458.40871 | KZ12: 471.03159 | LA12: 447.45822
N13: 454.99226 | O13: 476.88077 | P13: 455.24301 | Q13: 478.1164 | R13: 430.34907 | S13: 340.8619 | T13: 456.9429 | U13: 472.57558 | V13: 481.49472 | W13: 557.29411 | X13: 563.5748 | Y13: 486.2311 | Z13: 452.88771 | AA13: 474.67412 | AB13: 453.13568 | AC13: 475.90233 | AD13: 428.35543 | AE13: 339.28221 | AF13: 454.82442 | AG13: 470.38378 | AH13: 479.26069 | AI13: 554.70739 | AJ13: 560.95792 | AK13: 483.97248 | AL13: 450.78316 | AM13: 472.46747 | AN13: 451.02834 | AO13: 473.68826 | AP13: 426.36179 | AQ13: 337.70252 | AR13: 452.70595 | AS13: 468.19198 | AT13: 477.02666 | AU13: 552.12067 | AV13: 558.34104 | AW13: 481.71386 | AX13: 448.67861 | AY13: 470.26083 | AZ13: 448.92101 | BA13: 471.47419 | BB13: 424.36816 | BC13: 336.12283 | BD13: 450.58748 | BE13: 466.00019 | BF13: 474.79264 | BG13: 549.53396 | BH13: 555.72415 | BI13: 479.45524 | BJ13: 446.57406 | BK13: 468.05418 | BL13: 446.81367 | BM13: 469.26012 | BN13: 422.37452 | BO13: 334.54314 | BP13: 448.469 | BQ13: 463.80839 | BR13: 472.55861 | BS13: 546.94724 | BT13: 553.10727 | BU13: 477.19662 | BV13: 444.46951 | BW13: 465.84754 | BX13: 444.70634 | BY13: 467.04604 | BZ13: 420.38088 | CA13: 332.96345 | CB13: 446.35053 | CC13: 461.6166 | CD13: 470.32459 | CE13: 544.36052 | CF13: 550.49039 | CG13: 474.938 | CH13: 442.36496 | CI13: 463.64089 | CJ13: 442.599 | CK13: 464.83197 | CL13: 418.38724 | CM13: 331.38376 | CN13: 444.23206 | CO13: 459.4248 | CP13: 468.09056 | CQ13: 541.7738 | CR13: 547.87351 | CS13: 472.67937 | CT13: 440.2604 | CU13: 461.43424 | CV13: 440.49167 | CW13: 462.6179 | CX13: 416.3936 | CY13: 329.80407 | CZ13: 442.11358 | DA13: 457.233 | DB13: 465.85653 | DC13: 539.18708 | DD13: 545.25662 | DE13: 470.42075 | DF13: 438.15585 | DG13: 459.2276 | DH13: 438.38433 | DI13: 460.40383 | DJ13: 414.39996 | DK13: 328.22438 | DL13: 439.99511 | DM13: 455.04121 | DN13: 463.62251 | DO13: 536.60036 | DP13: 542.63974 | DQ13: 468.16213 | DR13: 436.0513 | DS13: 457.02095 | DT13: 436.27699 | DU13: 458.18976 | DV13: 412.40632 | DW13: 326.64469 | DX13: 437.87664 | DY13: 452.84941 | DZ13: 461.38848 | EA13: 534.01365 | EB13: 540.02286 | EC13: 465.90351 | ED13: 433.94675 | EE13: 454.8143 | EF13: 434.16966 | EG13: 455.97569 | EH13: 410.41268 | EI13: 325.065 | EJ13: 435.75817 | EK13: 450.65762 | EL13: 459.15445 | EM13: 531.42693 | EN13: 537.40597 | EO13: 463.64489 | EP13: 431.8422 | EQ13: 452.60766 | ER13: 432.06232 | ES13: 453.76162 | ET13: 408.41905 | EU13: 323.48531 | EV13: 433.63969 | EW13: 448.46582 | EX13: 456.92043 | EY13: 528.84021 | EZ13: 534.78909 | FA13: 461.38626 | FB13: 429.73765 | FC13: 450.40101 | FD13: 429.95499 | FE13: 451.54755 | FF13: 406.42541 | FG13: 321.90562 | FH13: 431.52122 | FI13: 446.27402 | FJ13: 454.6864 | FK13: 526.25349 | FL13: 532.17221 | FM13: 459.12764 | FN13: 427.6331 | FO13: 448.19437 | FP13: 427.84765 | FQ13: 449.33347 | FR13: 404.43177 | FS13: 320.32593 | FT13: 429.40275 | FU13: 444.08223 | FV13: 452.45238 | FW13: 523.66677 | FX13: 529.55533 | FY13: 456.86902 | FZ13: 425.52855 | GA13: 445.98772 | GB13: 425.74032 | GC13: 447.1194 | GD13: 402.43813 | GE13: 318.74624 | GF13: 427.28427 | GG13: 441.89043 | GH13: 450.21835 | GI13: 521.08005 | GJ13: 526.93844 | GK13: 454.6104 | GL13: 423.424 | GM13: 443.78107 | GN13: 423.63298 | GO13: 444.90533 | GP13: 400.44449 | GQ13: 317.16655 | GR13: 425.1658 | GS13: 439.69864 | GT13: 447.98432 | GU13: 518.49333 | GV13: 524.32156 | GW13: 452.35178 | GX13: 421.31944 | GY13: 441.57443 | GZ13: 421.52565 | HA13: 442.69126 | HB13: 398.45085 | HC13: 315.58686 | HD13: 423.04733 | HE13: 437.50684 | HF13: 445.7503 | HG13: 515.90662 | HH13: 521.70468 | HI13: 450.09315 | HJ13: 419.21489 | HK13: 439.36778 | HL13: 419.41831 | HM13: 440.47719 | HN13: 396.45721 | HO13: 314.00718 | HP13: 420.92885 | HQ13: 435.31504 | HR13: 443.51627 | HS13: 513.3199 | HT13: 519.08779 | HU13: 447.83453 | HV13: 417.11034 | HW13: 437.16113 | HX13: 417.31097 | HY13: 438.26312 | HZ13: 394.46357 | IA13: 312.42749 | IB13: 418.81038 | IC13: 433.12325 | ID13: 441.28224 | IE13: 510.73318 | IF13: 516.47091 | IG13: 445.57591 | IH13: 415.00579 | II13: 434.95449 | IJ13: 415.20364 | IK13: 436.04905 | IL13: 392.46994 | IM13: 310.8478 | IN13: 416.69191 | IO13: 430.93145 | IP13: 439.04822 | IQ13: 508.14646 | IR13: 513.85403 | IS13: 443.31729 | IT13: 412.90124 | IU13: 432.74784 | IV13: 413.0963 | IW13: 433.83497 | IX13: 390.4763 | IY13: 309.26811 | IZ13: 414.57343 | JA13: 428.73966 | JB13: 436.81419 | JC13: 505.55974 | JD13: 511.23715 | JE13: 441.05867 | JF13: 410.79669 | JG13: 430.5412 | JH13: 410.98897 | JI13: 431.6209 | JJ13: 388.48266 | JK13: 307.68842 | JL13: 412.45496 | JM13: 426.54786 | JN13: 434.58017 | JO13: 502.97302 | JP13: 508.62026 | JQ13: 438.80004 | JR13: 408.69214 | JS13: 428.33455 | JT13: 408.88163 | JU13: 429.40683 | JV13: 386.48902 | JW13: 306.10873 | JX13: 410.33649 | JY13: 424.35606 | JZ13: 432.34614 | KA13: 500.38631 | KB13: 506.00338 | KC13: 436.54142 | KD13: 406.58759 | KE13: 426.1279 | KF13: 406.7743 | KG13: 427.19276 | KH13: 384.49538 | KI13: 304.52904 | KJ13: 408.21801 | KK13: 422.16427 | KL13: 430.11211 | KM13: 497.79959 | KN13: 503.3865 | KO13: 434.2828 | KP13: 404.48304 | KQ13: 423.92126 | KR13: 404.66696 | KS13: 424.97869 | KT13: 382.50174 | KU13: 302.94935 | KV13: 406.09954 | KW13: 419.97247 | KX13: 427.87809 | KY13: 495.21287 | KZ13: 500.76961 | LA13: 432.02418
... N55: 595 | O55: 522 | P55: 549 | Q55: 433 | R55: 431 | S55: 347 | T55: 370 | U55: 450 | V55: 472 | W55: 568 | X55: 530 | Y55: 610 | Z55: 592 | AA55: 519 | AB55: 546 | AC55: 431 | AD55: 429 | AE55: 345 | AF55: 369 | AG55: 449 | AH55: 470 | AI55: 565 | AJ55: 528 | AK55: 607 | AL55: 590 | AM55: 517 | AN55: 544 | AO55: 430 | AP55: 427 | AQ55: 344 | AR55: 367 | AS55: 447 | AT55: 468 | AU55: 563 | AV55: 526 | AW55: 605 | AX55: 588 | AY55: 515 | AZ55: 542 | BA55: 428 | BB55: 426 | BC55: 343 | BD55: 366 | BE55: 445 | BF55: 466 | BG55: 561 | BH55: 523 | BI55: 602 | BJ55: 585 | BK55: 513 | BL55: 540 | BM55: 426 | BN55: 424 | BO55: 341 | BP55: 364 | BQ55: 443 | BR55: 464 | BS55: 558 | BT55: 521 | BU55: 600 | BV55: 583 | BW55: 511 | BX55: 537 | BY55: 424 | BZ55: 422 | CA55: 340 | CB55: 363 | CC55: 441 | CD55: 462 | CE55: 556 | CF55: 519 | CG55: 597 | CH55: 580 | CI55: 509 | CJ55: 535 | CK55: 423 | CL55: 420 | CM55: 338 | CN55: 361 | CO55: 440 | CP55: 461 | CQ55: 554 | CR55: 517 | CS55: 595 | CT55: 578 | CU55: 507 | CV55: 533 | CW55: 421 | CX55: 419 | CY55: 337 | CZ55: 360 | DA55: 438 | DB55: 459 | DC55: 551 | DD55: 515 | DE55: 592 | DF55: 576 | DG55: 505 | DH55: 531 | DI55: 419 | DJ55: 417 | DK55: 336 | DL55: 358 | DM55: 436 | DN55: 457 | DO55: 549 | DP55: 513 | DQ55: 590 | DR55: 573 | DS55: 503 | DT55: 529 | DU55: 417 | DV55: 415 | DW55: 334 | DX55: 357 | DY55: 434 | DZ55: 455 | EA55: 547 | EB55: 511 | EC55: 587 | ED55: 571 | EE55: 500 | EF55: 526 | EG55: 416 | EH55: 413 | EI55: 333 | EJ55: 355 | EK55: 432 | EL55: 453 | EM55: 545 | EN55: 508 | EO55: 585 | EP55: 568 | EQ55: 498 | ER55: 524 | ES55: 414 | ET55: 412 | EU55: 331 | EV55: 354 | EW55: 430 | EX55: 451 | EY55: 542 | EZ55: 506 | FA55: 582 | FB55: 566 | FC55: 496 | FD55: 522 | FE55: 412 | FF55: 410 | FG55: 330 | FH55: 352 | FI55: 429 | FJ55: 449 | FK55: 540 | FL55: 504 | FM55: 580 | FN55: 564 | FO55: 494 | FP55: 520 | FQ55: 410 | FR55: 408 | FS55: 329 | FT55: 351 | FU55: 427 | FV55: 447 | FW55: 538 | FX55: 502 | FY55: 577 | FZ55: 561 | GA55: 492 | GB55: 517 | GC55: 409 | GD55: 406 | GE55: 327 | GF55: 349 | GG55: 425 | GH55: 445 | GI55: 535 | GJ55: 500 | GK55: 575 | GL55: 559 | GM55: 490 | GN55: 515 | GO55: 407 | GP55: 405 | GQ55: 326 | GR55: 348 | GS55: 423 | GT55: 443 | GU55: 533 | GV55: 498 | GW55: 572 | GX55: 556 | GY55: 488 | GZ55: 513 | HA55: 405 | HB55: 403 | HC55: 324 | HD55: 346 | HE55: 421 | HF55: 441 | HG55: 531 | HH55: 495 | HI55: 570 | HJ55: 554 | HK55: 486 | HL55: 511 | HM55: 403 | HN55: 401 | HO55: 323 | HP55: 345 | HQ55: 419 | HR55: 439 | HS55: 528 | HT55: 493 | HU55: 567 | HV55: 552 | HW55: 484 | HX55: 509 | HY55: 402 | HZ55: 399 | IA55: 321 | IB55: 343 | IC55: 418 | ID55: 438 | IE55: 526 | IF55: 491 | IG55: 565 | IH55: 549 | II55: 481 | IJ55: 506 | IK55: 400 | IL55: 398 | IM55: 320 | IN55: 342 | IO55: 416 | IP55: 436 | IQ55: 524 | IR55: 489 | IS55: 563 | IT55: 547 | IU55: 479 | IV55: 504 | IW55: 398 | IX55: 396 | IY55: 319 | IZ55: 340 | JA55: 414 | JB55: 434 | JC55: 522 | JD55: 487 | JE55: 560 | JF55: 544 | JG55: 477 | JH55: 502 | JI55: 396 | JJ55: 394 | JK55: 317 | JL55: 339 | JM55: 412 | JN55: 432 | JO55: 519 | JP55: 485 | JQ55: 558 | JR55: 542 | JS55: 475 | JT55: 500 | JU55: 395 | JV55: 392 | JW55: 316 | JX55: 337 | JY55: 410 | JZ55: 430 | KA55: 517 | KB55: 483 | KC55: 555 | KD55: 539 | KE55: 473 | KF55: 497 | KG55: 393 | KH55: 391 | KI55: 314 | KJ55: 336 | KK55: 408 | KL55: 428 | KM55: 515 | KN55: 480 | KO55: 553 | KP55: 537 | KQ55: 471 | KR55: 495 | KS55: 391 | KT55: 389 | KU55: 313 | KV55: 334 | KW55: 407 | KX55: 426 | KY55: 512 | KZ55: 478 | LA55: 550

Sheet GerDiaria (2)
A1: UFV 2 | B1: Atributo | C1: Valor | D1: Personalizar
A2: UFV Aparecida III 1 | B2: 46113 | C2: 15436.63 | D2: UFV Aparecida III 101/04/2026
A3: UFV Aparecida III 1 | B3: 46114 | C3: 11050.79 | D3: UFV Aparecida III 102/04/2026
A4: UFV Aparecida III 1 | B4: 46115 | C4: 12652.91 | D4: UFV Aparecida III 103/04/2026
A5: UFV Aparecida III 1 | B5: 46116 | C5: 14331.87 | D5: UFV Aparecida III 104/04/2026
A6: UFV Aparecida III 1 | B6: 46117 | C6: 16282.53 | D6: UFV Aparecida III 105/04/2026
A7: UFV Aparecida III 1 | B7: 46118 | C7: 14557.02 | D7: UFV Aparecida III 106/04/2026
A8: UFV Aparecida III 1 | B8: 46119 | C8: 15432.49 | D8: UFV Aparecida III 107/04/2026
A9: UFV Aparecida III 1 | B9: 46120 | C9: 10012.55 | D9: UFV Aparecida III 108/04/2026
A10: UFV Aparecida III 1 | B10: 46121 | C10: 12464.07 | D10: UFV Aparecida III 109/04/2026
A11: UFV Aparecida III 1 | B11: 46122 | C11: 3588.43 | D11: UFV Aparecida III 110/04/2026
A12: UFV Aparecida III 1 | B12: 46123 | C12: 15008.68 | D12: UFV Aparecida III 111/04/2026
A13: UFV Aparecida III 1 | B13: 46124 | C13: 17671.96 | D13: UFV Aparecida III 112/04/2026
... A500: UFV Vargem Grande 1 1 | B500: 46134 | C500: 31483.92 | D500: UFV Vargem Grande 1 122/04/2026

Sheet Ger. Diaria
A1: Geração Diaria | C1: =MONTH(C2)+YEAR(C2)*12 -> 24301 | D1: =MONTH(D2)+YEAR(D2)*12 -> 24301 | E1: =MONTH(E2)+YEAR(E2)*12 -> 24301 | F1: =MONTH(F2)+YEAR(F2)*12 -> 24301 | G1: =MONTH(G2)+YEAR(G2)*12 -> 24301 | H1: =MONTH(H2)+YEAR(H2)*12 -> 24301 | I1: =MONTH(I2)+YEAR(I2)*12 -> 24301 | J1: =MONTH(J2)+YEAR(J2)*12 -> 24301 | ... NC1: =MONTH(NC2)+YEAR(NC2)*12 -> 24312
A2: UFV 1 | B2: UFV 2 | C2: 01/01/2025 | D2: 02/01/2025 | E2: 03/01/2025 | F2: 04/01/2025 | G2: 05/01/2025 | H2: 06/01/2025 | I2: 07/01/2025 | J2: 08/01/2025 | K2: 09/01/2025 | L2: 10/01/2025 | M2: 11/01/2025 | N2: 12/01/2025 | O2: 13/01/2025 | P2: 14/01/2025 | Q2: 15/01/2025 | R2: 16/01/2025 | S2: 17/01/2025 | T2: 18/01/2025 | U2: 19/01/2025 | V2: 20/01/2025 | W2: 21/01/2025 | X2: 22/01/2025 | Y2: 23/01/2025 | Z2: 24/01/2025 | AA2: 25/01/2025 | AB2: 26/01/2025 | AC2: 27/01/2025 | AD2: 28/01/2025 | AE2: 29/01/2025 | AF2: 30/01/2025 | AG2: 31/01/2025 | AH2: 01/02/2025 | AI2: 02/02/2025 | AJ2: 03/02/2025 | AK2: 04/02/2025 | AL2: 05/02/2025 | AM2: 06/02/2025 | AN2: 07/02/2025 | AO2: 08/02/2025 | AP2: 09/02/2025 | AQ2: 10/02/2025 | AR2: 11/02/2025 | AS2: 12/02/2025 | AT2: 13/02/2025 | AU2: 14/02/2025 | AV2: 15/02/2025 | AW2: 16/02/2025 | AX2: 17/02/2025 | AY2: 18/02/2025 | AZ2: 19/02/2025 | BA2: 20/02/2025 | BB2: 21/02/2025 | BC2: 22/02/2025 | BD2: 23/02/2025 | BE2: 24/02/2025 | BF2: 25/02/2025 | BG2: 26/02/2025 | BH2: 27/02/2025 | BI2: 28/02/2025 | BJ2: 01/03/2025 | BK2: 02/03/2025 | BL2: 03/03/2025 | BM2: 04/03/2025 | BN2: 05/03/2025 | BO2: 06/03/2025 | BP2: 07/03/2025 | BQ2: 08/03/2025 | BR2: 09/03/2025 | BS2: 10/03/2025 | BT2: 11/03/2025 | BU2: 12/03/2025 | BV2: 13/03/2025 | BW2: 14/03/2025 | BX2: 15/03/2025 | BY2: 16/03/2025 | BZ2: 17/03/2025 | CA2: 18/03/2025 | CB2: 19/03/2025 | CC2: 20/03/2025 | CD2: 21/03/2025 | CE2: 22/03/2025 | CF2: 23/03/2025 | CG2: 24/03/2025 | CH2: 25/03/2025 | CI2: 26/03/2025 | CJ2: 27/03/2025 | CK2: 28/03/2025 | CL2: 29/03/2025 | CM2: 30/03/2025 | CN2: 31/03/2025 | CO2: 01/04/2025 | CP2: 02/04/2025 | CQ2: 03/04/2025 | CR2: 04/04/2025 | CS2: 05/04/2025 | CT2: 06/04/2025 | CU2: 07/04/2025 | CV2: 08/04/2025 | CW2: 09/04/2025 | CX2: 10/04/2025 | CY2: 11/04/2025 | CZ2: 12/04/2025 | DA2: 13/04/2025 | DB2: 14/04/2025 | DC2: 15/04/2025 | DD2: 16/04/2025 | DE2: 17/04/2025 | DF2: 18/04/2025 | DG2: 19/04/2025 | DH2: 20/04/2025 | DI2: 21/04/2025 | DJ2: 22/04/2025 | DK2: 23/04/2025 | DL2: 24/04/2025 | DM2: 25/04/2025 | DN2: 26/04/2025 | DO2: 27/04/2025 | DP2: 28/04/2025 | DQ2: 29/04/2025 | DR2: 30/04/2025 | DS2: 01/05/2025 | DT2: 02/05/2025 | DU2: 03/05/2025 | DV2: 04/05/2025 | DW2: 05/05/2025 | DX2: 06/05/2025 | DY2: 07/05/2025 | DZ2: 08/05/2025 | EA2: 09/05/2025 | EB2: 10/05/2025 | EC2: 11/05/2025 | ED2: 12/05/2025 | EE2: 13/05/2025 | EF2: 14/05/2025 | EG2: 15/05/2025 | EH2: 16/05/2025 | EI2: 17/05/2025 | EJ2: 18/05/2025 | EK2: 19/05/2025 | EL2: 20/05/2025 | EM2: 21/05/2025 | EN2: 22/05/2025 | EO2: 23/05/2025 | EP2: 24/05/2025 | EQ2: 25/05/2025 | ER2: 26/05/2025 | ES2: 27/05/2025 | ET2: 28/05/2025 | EU2: 29/05/2025 | EV2: 30/05/2025 | EW2: 31/05/2025 | EX2: 01/06/2025 | EY2: 02/06/2025 | EZ2: 03/06/2025 | FA2: 04/06/2025 | FB2: 05/06/2025 | FC2: 06/06/2025 | FD2: 07/06/2025 | FE2: 08/06/2025 | FF2: 09/06/2025 | FG2: 10/06/2025 | FH2: 11/06/2025 | FI2: 12/06/2025 | FJ2: 13/06/2025 | FK2: 14/06/2025 | FL2: 15/06/2025 | FM2: 16/06/2025 | FN2: 17/06/2025 | FO2: 18/06/2025 | FP2: 19/06/2025 | FQ2: 20/06/2025 | FR2: 21/06/2025 | FS2: 22/06/2025 | FT2: 23/06/2025 | FU2: 24/06/2025 | FV2: 25/06/2025 | FW2: 26/06/2025 | FX2: 27/06/2025 | FY2: 28/06/2025 | FZ2: 29/06/2025 | GA2: 30/06/2025 | GB2: 01/07/2025 | GC2: 02/07/2025 | GD2: 03/07/2025 | GE2: 04/07/2025 | GF2: 05/07/2025 | GG2: 06/07/2025 | GH2: 07/07/2025 | GI2: 08/07/2025 | GJ2: 09/07/2025 | GK2: 10/07/2025 | GL2: 11/07/2025 | GM2: 12/07/2025 | GN2: 13/07/2025 | GO2: 14/07/2025 | GP2: 15/07/2025 | GQ2: 16/07/2025 | GR2: 17/07/2025 | GS2: 18/07/2025 | GT2: 19/07/2025 | GU2: 20/07/2025 | GV2: 21/07/2025 | GW2: 22/07/2025 | GX2: 23/07/2025 | GY2: 24/07/2025 | GZ2: 25/07/2025 | HA2: 26/07/2025 | HB2: 27/07/2025 | HC2: 28/07/2025 | HD2: 29/07/2025 | HE2: 30/07/2025 | HF2: 31/07/2025 | HG2: 01/08/2025 | HH2: 02/08/2025 | HI2: 03/08/2025 | HJ2: 04/08/2025 | HK2: 05/08/2025 | HL2: 06/08/2025 | HM2: 07/08/2025 | HN2: 08/08/2025 | HO2: 09/08/2025 | HP2: 10/08/2025 | HQ2: 11/08/2025 | HR2: 12/08/2025 | HS2: 13/08/2025 | HT2: 14/08/2025 | HU2: 15/08/2025 | HV2: 16/08/2025 | HW2: 17/08/2025 | HX2: 18/08/2025 | HY2: 19/08/2025 | HZ2: 20/08/2025 | IA2: 21/08/2025 | IB2: 22/08/2025 | IC2: 23/08/2025 | ID2: 24/08/2025 | IE2: 25/08/2025 | IF2: 26/08/2025 | IG2: 27/08/2025 | IH2: 28/08/2025 | II2: 29/08/2025 | IJ2: 30/08/2025 | IK2: 31/08/2025 | IL2: 01/09/2025 | IM2: 02/09/2025 | IN2: 03/09/2025 | IO2: 04/09/2025 | IP2: 05/09/2025 | IQ2: 06/09/2025 | IR2: 07/09/2025 | IS2: 08/09/2025 | IT2: 09/09/2025 | IU2: 10/09/2025 | IV2: 11/09/2025 | IW2: 12/09/2025 | IX2: 13/09/2025 | IY2: 14/09/2025 | IZ2: 15/09/2025 | JA2: 16/09/2025 | JB2: 17/09/2025 | JC2: 18/09/2025 | JD2: 19/09/2025 | JE2: 20/09/2025 | JF2: 21/09/2025 | JG2: 22/09/2025 | JH2: 23/09/2025 | JI2: 24/09/2025 | JJ2: 25/09/2025 | JK2: 26/09/2025 | JL2: 27/09/2025 | JM2: 28/09/2025 | JN2: 29/09/2025 | JO2: 30/09/2025 | JP2: 01/10/2025 | JQ2: 02/10/2025 | JR2: 03/10/2025 | JS2: 04/10/2025 | JT2: 05/10/2025 | JU2: 06/10/2025 | JV2: 07/10/2025 | JW2: 08/10/2025 | JX2: 09/10/2025 | JY2: 10/10/2025 | JZ2: 11/10/2025 | KA2: 12/10/2025 | KB2: 13/10/2025 | KC2: 14/10/2025 | KD2: 15/10/2025 | KE2: 16/10/2025 | KF2: 17/10/2025 | KG2: 18/10/2025 | KH2: 19/10/2025 | KI2: 20/10/2025 | KJ2: 21/10/2025 | KK2: 22/10/2025 | KL2: 23/10/2025 | KM2: 24/10/2025 | KN2: 25/10/2025 | KO2: 26/10/2025 | KP2: 27/10/2025 | KQ2: 28/10/2025 | KR2: 29/10/2025 | KS2: 30/10/2025 | KT2: 31/10/2025 | KU2: 01/11/2025 | KV2: 02/11/2025 | KW2: 03/11/2025 | KX2: 04/11/2025 | KY2: 05/11/2025 | KZ2: 06/11/2025 | LA2: 07/11/2025 | LB2: 08/11/2025 | LC2: 09/11/2025 | LD2: 10/11/2025 | LE2: 11/11/2025 | LF2: 12/11/2025 | LG2: 13/11/2025 | LH2: 14/11/2025 | LI2: 15/11/2025 | LJ2: 16/11/2025 | LK2: 17/11/2025 | LL2: 18/11/2025 | LM2: 19/11/2025 | LN2: 20/11/2025 | LO2: 21/11/2025 | LP2: 22/11/2025 | LQ2: 23/11/2025 | LR2: 24/11/2025 | LS2: 25/11/2025 | LT2: 26/11/2025 | LU2: 27/11/2025 | LV2: 28/11/2025 | LW2: 29/11/2025 | LX2: 30/11/2025 | LY2: 01/12/2025 | LZ2: 02/12/2025 | MA2: 03/12/2025 | MB2: 04/12/2025 | MC2: 05/12/2025 | MD2: 06/12/2025 | ME2: 07/12/2025 | MF2: 08/12/2025 | MG2: 09/12/2025 | MH2: 10/12/2025 | MI2: 11/12/2025 | MJ2: 12/12/2025 | MK2: 13/12/2025 | ML2: 14/12/2025 | MM2: 15/12/2025 | MN2: 16/12/2025 | MO2: 17/12/2025 | MP2: 18/12/2025 | MQ2: 19/12/2025 | MR2: 20/12/2025 | MS2: 21/12/2025 | MT2: 22/12/2025 | MU2: 23/12/2025 | MV2: 24/12/2025 | MW2: 25/12/2025 | MX2: 26/12/2025 | MY2: 27/12/2025 | MZ2: 28/12/2025 | NA2: 29/12/2025 | NB2: 30/12/2025 | NC2: 31/12/2025 | ND2: 01/01/2026 | NE2: 02/01/2026 | NF2: 03/01/2026 | NG2: 04/01/2026 | NH2: 05/01/2026 | NI2: 06/01/2026 | NJ2: 07/01/2026 | NK2: 08/01/2026 | NL2: 09/01/2026 | NM2: 10/01/2026 | NN2: 11/01/2026 | NO2: 12/01/2026 | NP2: 13/01/2026 | NQ2: 14/01/2026 | NR2: 15/01/2026 | NS2: 16/01/2026 | NT2: 17/01/2026 | NU2: 18/01/2026 | NV2: 19/01/2026 | NW2: 20/01/2026 | NX2: 21/01/2026 | NY2: 22/01/2026 | NZ2: 23/01/2026 | OA2: 24/01/2026 | OB2: 25/01/2026 | OC2: 26/01/2026 | OD2: 27/01/2026 | OE2: 28/01/2026 | OF2: 29/01/2026 | OG2: 30/01/2026 | OH2: 31/01/2026 | OI2: 01/02/2026 | OJ2: 02/02/2026 | OK2: 03/02/2026 | OL2: 04/02/2026 | OM2: 05/02/2026 | ON2: 06/02/2026 | OO2: 07/02/2026 | OP2: 08/02/2026 | OQ2: 09/02/2026 | OR2: 10/02/2026 | OS2: 11/02/2026 | OT2: 12/02/2026 | OU2: 13/02/2026 | OV2: 14/02/2026 | OW2: 15/02/2026 | OX2: 16/02/2026 | OY2: 17/02/2026 | OZ2: 18/02/2026 | PA2: 19/02/2026 | PB2: 20/02/2026 | PC2: 21/02/2026 | PD2: 22/02/2026 | PE2: 23/02/2026 | PF2: 24/02/2026 | PG2: 25/02/2026 | PH2: 26/02/2026 | PI2: 27/02/2026 | PJ2: 28/02/2026 | PK2: 01/03/2026 | PL2: 02/03/2026 | PM2: 03/03/2026 | PN2: 04/03/2026 | PO2: 05/03/2026 | PP2: 06/03/2026 | PQ2: 07/03/2026 | PR2: 08/03/2026 | PS2: 09/03/2026 | PT2: 10/03/2026 | PU2: 11/03/2026 | PV2: 12/03/2026 | PW2: 13/03/2026 | PX2: 14/03/2026 | PY2: 15/03/2026 | PZ2: 16/03/2026 | QA2: 17/03/2026 | QB2: 18/03/2026 | QC2: 19/03/2026 | QD2: 20/03/2026 | QE2: 21/03/2026 | QF2: 22/03/2026 | QG2: 23/03/2026 | QH2: 24/03/2026 | QI2: 25/03/2026 | QJ2: 26/03/2026 | QK2: 27/03/2026 | QL2: 28/03/2026 | QM2: 29/03/2026 | QN2: 30/03/2026 | QO2: 31/03/2026 | QP2: 01/04/2026 | QQ2: 02/04/2026 | QR2: 03/04/2026 | QS2: 04/04/2026 | QT2: 05/04/2026 | QU2: 06/04/2026 | QV2: 07/04/2026 | QW2: 08/04/2026 | QX2: 09/04/2026 | QY2: 10/04/2026 | QZ2: 11/04/2026 | RA2: 12/04/2026 | RB2: 13/04/2026 | RC2: 14/04/2026 | RD2: 15/04/2026 | RE2: 16/04/2026 | RF2: 17/04/2026 | RG2: 18/04/2026 | RH2: 19/04/2026 | RI2: 20/04/2026 | RJ2: 21/04/2026 | RK2: 22/04/2026 | RL2: 23/04/2026 | RM2: 24/04/2026 | RN2: 25/04/2026 | RO2: 26/04/2026 | RP2: 27/04/2026 | RQ2: 28/04/2026 | RR2: 29/04/2026 | RS2: 30/04/2026 | RT2: 01/05/2026 | RU2: 02/05/2026 | RV2: 03/05/2026 | RW2: 04/05/2026 | RX2: 05/05/2026 | RY2: 06/05/2026 | RZ2: 07/05/2026 | SA2: 08/05/2026 | SB2: 09/05/2026 | SC2: 10/05/2026 | SD2: 11/05/2026 | SE2: 12/05/2026 | SF2: 13/05/2026 | SG2: 14/05/2026 | SH2: 15/05/2026 | SI2: 16/05/2026 | SJ2: 17/05/2026 | SK2: 18/05/2026 | SL2: 19/05/2026 | SM2: 20/05/2026 | SN2: 21/05/2026 | SO2: 22/05/2026 | SP2: 23/05/2026 | SQ2: 24/05/2026 | SR2: 25/05/2026 | SS2: 26/05/2026 | ST2: 27/05/2026 | SU2: 28/05/2026 | SV2: 29/05/2026 | SW2: 30/05/2026 | SX2: 31/05/2026 | SY2: 01/06/2026 | SZ2: 02/06/2026 | TA2: 03/06/2026 | TB2: 04/06/2026 | TC2: 05/06/2026 | TD2: 06/06/2026 | TE2: 07/06/2026 | TF2: 08/06/2026 | TG2: 09/06/2026 | TH2: 10/06/2026 | TI2: 11/06/2026 | TJ2: 12/06/2026 | TK2: 13/06/2026 | TL2: 14/06/2026 | TM2: 15/06/2026 | TN2: 16/06/2026 | TO2: 17/06/2026 | TP2: 18/06/2026 | TQ2: 19/06/2026 | TR2: 20/06/2026 | TS2: 21/06/2026 | TT2: 22/06/2026 | TU2: 23/06/2026 | TV2: 24/06/2026 | TW2: 25/06/2026 | TX2: 26/06/2026 | TY2: 27/06/2026 | TZ2: 28/06/2026 | UA2: 29/06/2026 | UB2: 30/06/2026 | UC2: 01/07/2026 | UD2: 02/07/2026 | UE2: 03/07/2026 | UF2: 04/07/2026 | UG2: 05/07/2026 | UH2: 06/07/2026 | UI2: 07/07/2026 | UJ2: 08/07/2026 | UK2: 09/07/2026 | UL2: 10/07/2026 | UM2: 11/07/2026 | UN2: 12/07/2026 | UO2: 13/07/2026 | UP2: 14/07/2026 | UQ2: 15/07/2026 | UR2: 16/07/2026 | US2: 17/07/2026 | UT2: 18/07/2026 | UU2: 19/07/2026 | UV2: 20/07/2026 | UW2: 21/07/2026 | UX2: 22/07/2026 | UY2: 45931 | UZ2: 45962 | VA2: 45992 | VB2: 46023 | VC2: 46054 | VD2: 46082 | VE2: 46113
A3: UFV Aparecida do Taboado 2 1 | B3: UFV Aparecida do Taboado 2 1 | JP3: 5976.8 | JQ3: 6102.4 | JR3: 7081.4 | JS3: 4971.7 | JT3: 8087.9 | JU3: 7091.1 | JV3: 2502.8 | JW3: 3243.6 | JX3: 5031.5 | JY3: 5296.3 | JZ3: 7457.1 | KA3: 1652.7 | KB3: 3519.1 | KC3: 4651.5 | KD3: 8246.6 | KE3: 5825.3 | KF3: 7032.4 | KG3: 667.6 | KH3: 5241.9 | KI3: 7302.4 | KJ3: 7841.3 | KK3: 8665.5 | KL3: 8951.7 | KM3: 8591.4 | KN3: 7383.6 | KO3: 3254.4 | KP3: 1391.6 | KQ3: 5882.4 | KR3: 3818.5 | KS3: 3630.2 | KT3: 6216.6 | KU3: 3291.8 | KV3: 0 | KW3: 0 | KX3: 0 | KY3: 2029.3 | KZ3: 6083 | LA3: 1066.4 | LB3: 5845.5 | LC3: 6673.2 | LD3: 9250 | LE3: 4291.7 | LF3: 1304.2 | LG3: 4922.4 | LH3: 2308.3 | LI3: 0 | LJ3: 0 | LK3: 250.3 | LL3: 5671.9 | LM3: 0 | LN3: 0 | LO3: 5597.8 | LP3: 7666.8 | LQ3: 8127.4 | LR3: 6870.8 | LS3: 3874.7 | LT3: 3430 | LU3: 1381.3 | LV3: 0 | LW3: 9065.5 | LX3: 8539.8 | LY3: 5425.7 | LZ3: 5793.7 | MA3: 4770.5 | MB3: 6231.1 | MC3: 6260.4 | MD3: 7952.6 | ME3: 7024.8 | MF3: 2522.7 | MG3: 2349.1 | MH3: 6167.4 | MI3: 6351.4 | MJ3: 2274.3 | MK3: 4953 | ML3: 4329.2 | MM3: 6888.4 | MN3: 4441.2 | MO3: 3170.3 | MP3: 6074.6 | MQ3: 4558.6 | MR3: 6179 | MS3: 8123.4 | MT3: 6837.3 | MU3: 8232.1 | MV3: 8928.3 | MW3: 7662.2 | MX3: 6356.8 | MY3: 7437.3 | MZ3: 4414.1 | NA3: 8709.6 | NB3: 7054.3 | NC3: 5793.2 | ND3: 6615.4 | NE3: 3581.8 | NF3: 4509.8 | NG3: 7820.2 | NH3: 7875.4 | NI3: 6542.1 | NJ3: 5916.9 | NK3: 6717.3 | NL3: 4142.9 | NM3: 6555.7 | NN3: 7822.3 | NO3: 6472.6 | NP3: 5695.4 | NQ3: 6051.1 | NR3: 7679.7 | NS3: 7057 | NT3: 7497.1 | NU3: 5687.3 | NV3: 7413.4 | NW3: 7428.9 | NX3: 8516.8 | NY3: 7741.2 | NZ3: 5917.9 | OA3: 7423.6 | OB3: 5910.1 | OC3: 4965 | OD3: 5211.3 | OE3: 6037.2 | OF3: 3891 | OG3: 5546.8 | OH3: 6961.8 | OI3: 5553.7 | OJ3: 3107.6 | OK3: 3329.8 | OL3: 4023.1 | OM3: 7572.7 | ON3: 4968.3 | OO3: 4797 | OP3: 2268.7 | OQ3: 2410.7 | OR3: 3663.8 | OS3: 2716.7 | OT3: 5154.9 | OU3: 5889.9 | OV3: 6890.7 | OW3: 8461 | OX3: 8510.2 | OY3: 7505.2 | OZ3: 5507.6 | PA3: 7060.2 | PB3: 7021.1 | PC3: 5133.8 | PD3: 6379.2 | PE3: 4554.7 | PF3: 4792.3 | PG3: 4367 | PH3: 5375.8 | PI3: 7390 | PJ3: 8324.3 | PK3: 8187.4 | PL3: 7113.6 | PM3: 8470.6 | PN3: 8248.6 | PO3: 8342.3 | PP3: 7449.8 | PQ3: 2507.6 | PR3: 4743.1 | PS3: 3652 | PT3: 3382.4 | PU3: 5965.4 | PV3: 3239.8 | PW3: 6599 | PX3: 4882.1 | PY3: 7552.8 | PZ3: 5522.9 | QA3: 5256.4 | QB3: 5907 | QC3: 5236.8 | QD3: 5292.4 | QE3: 6967.6 | QF3: 6497.5 | QG3: 6253.1 | QH3: 2876.6 | QI3: 6670.9 | QJ3: 5863.1 | QK3: 5975.6 | QL3: 7358.4 | QM3: 7597.5 | QN3: 7615.7 | QO3: 6310.5 | QP3: 7239.1 | QQ3: 6851.7 | QR3: 6953.2 | QS3: 5168.7 | QT3: 5571.2 | QU3: 5691.7 | QV3: 6839.6 | QW3: 3806.9 | QX3: 5910.8 | QY3: 5018.8 | QZ3: 6799.5 | RA3: 6900.9 | RB3: 2195.2 | RC3: 6021.4 | RD3: 6749 | RE3: 6713.6 | RF3: 5709.4 | RG3: 5935.5 | RH3: 5240.7 | RI3: 6311.7 | RJ3: 6238 | RK3: 6744.7 | RL3: 6532.3 | RM3: 6340 | RN3: 4939.4 | RO3: 5119.8 | RP3: 4984.6 | RQ3: 5897.7 | RR3: 5464.1 | RS3: 4792.3 | RT3: 6237.3 | RU3: 5358.4 | RV3: 5582 | RW3: 5968 | RX3: 6116.6 | RY3: 6094.6 | RZ3: 5874.4 | SA3: 5191.9 | SB3: 5162.7 | SC3: 1170.3 | SD3: 5498 | SE3: 6062.1 | SF3: 5615.4 | SG3: 4200.4 | SH3: 1589.1 | SI3: 3620.3 | SJ3: 3507.8 | SK3: 1688.6 | SL3: 1399.6 | SM3: 1937.1 | SN3: 2354.4 | SO3: 4017.5 | SP3: 4920.9 | SQ3: 3189.9 | SR3: 3170.4 | SS3: 4120.1 | ST3: 4688.1 | SU3: 5217.1 | SV3: 5045.4 | SW3: 5408.1 | SX3: 5536 | SY3: 5557.2 | SZ3: 5719.8 | TA3: 5543.7 | TB3: 5077.9 | TC3: 5488.7 | TD3: 5546 | TE3: 5555.2 | TF3: 4781.6 | TG3: 4519 | TH3: 4144.7 | TI3: 4512.5 | TJ3: 4060.3 | TK3: 337.6 | TL3: 397.6 | TM3: 2708.2 | TN3: 1477 | TO3: 4280.4 | TP3: 5546.3 | TQ3: 5357.5 | TR3: 2147.4 | TS3: 5330.9 | TT3: 4301.5 | TU3: 664.1 | TV3: 669.9 | TW3: 538.3 | TX3: 43.4 | TY3: 5303.7 | TZ3: 5236.9 | UA3: 5131.3 | UB3: 5171.1 | UC3: 5304.8 | UD3: 5368.6 | UE3: 4855.7 | UF3: 4079.5 | UG3: 5289.3 | UH3: 4850 | UI3: 5155.5 | UJ3: 5029.8 | UK3: 5240.8 | UL3: 5045.4 | UM3: 4494.5 | UN3: 3074.8 | UO3: 5755.5 | UP3: 5835 | UQ3: 5663.2 | UR3: 5485.2 | US3: 5527.7 | UT3: 5779.7 | UU3: 5707.1 | UV3: 5334.9 | UW3: 5572 | UX3: 5478.5 | UY3: =SUM(JP3:KT3) -> 172609.3 | UZ3: =SUM(KU3:LX3) -> 107542.1 | VA3: =SUM(LY3:NC3) -> 183266.6 | VB3: =SUM(ND3:OH3) -> 197205 | VC3: =SUM(GerDiaria[[#This Row],[01/02/2026]:[28/02/2026]]) -> 152730 | VD3: =SUM(GerDiaria[[#This Row],[01/03/2026]:[31/03/2026]]) -> 187538.5 | VE3: =SUM(GerDiaria[[#This Row],[01/04/2026]:[30/04/2026]]) -> 174681.5 | VF3: ok | VG3: Em implantação
A4: UFV Aparecida do Taboado 2 2 | B4: UFV Aparecida do Taboado 2 2 | JP4: 1163.5 | JQ4: 1209.6 | JR4: 1395.1 | JS4: 6427.2 | JT4: 1565 | JU4: 1508.9 | JV4: 538 | JW4: 697.7 | JX4: 1086.8 | JY4: 1139.7 | JZ4: 1583.7 | KA4: 346.1 | KB4: 753.1 | KC4: 1059.5 | KD4: 1732.5 | KE4: 1258.1 | KF4: 1480.4 | KG4: 176.5 | KH4: 0 | KI4: 0 | KJ4: 434.3 | KK4: 1296.4 | KL4: 1323.5 | KM4: 1297.8 | KN4: 1110.9 | KO4: 515.8 | KP4: 219.3 | KQ4: 909.8 | KR4: 580.7 | KS4: 561.1 | KT4: 955.4 | KU4: 7559.8 | KV4: 206.8 | KW4: 3974.1 | KX4: 0 | KY4: 2463.6 | KZ4: 7093.4 | LA4: 8369.9 | LB4: 894.9 | LC4: 1025 | LD4: 1381.3 | LE4: 5392.7 | LF4: 146.6 | LG4: 5550 | LH4: 4611.8 | LI4: 6269.5 | LJ4: 0 | LK4: 0 | LL4: 0 | LM4: 0 | LN4: 0 | LO4: 0 | LP4: 1185.3 | LQ4: 1253 | LR4: 1042.2 | LS4: 8357.2 | LT4: 8127.7 | LU4: 1081.4 | LV4: 0 | LW4: 0 | LX4: 0 | LY4: 0 | LZ4: 314 | MA4: 737.8 | MB4: 917.1 | MC4: 6275.8 | MD4: 1207.7 | ME4: 1055 | MF4: 402.1 | MG4: 149 | MH4: 922 | MI4: 960.9 | MJ4: 289.2 | MK4: 1.7 | ML4: 183.5 | MM4: 7415.6 | MN4: 530.4 | MO4: 511.9 | MP4: 907.5 | MQ4: 678.3 | MR4: 940.3 | MS4: 1224.5 | MT4: 1055.5 | MU4: 1253 | MV4: 1364.5 | MW4: 7887.7 | MX4: 944.5 | MY4: 354.7 | MZ4: 661.3 | NA4: 7958.2 | NB4: 891.5 | NC4: 0 | ND4: 0 | NE4: 0 | NF4: 4859.3 | NG4: 9055.1 | NH4: 8697.6 | NI4: 3848 | NJ4: 6591.9 | NK4: 8483.8 | NL4: 4730.6 | NM4: 7988.3 | NN4: 9045.6 | NO4: 8517.8 | NP4: 7581.3 | NQ4: 7221.6 | NR4: 9193.5 | NS4: 8372.2 | NT4: 9235.6 | NU4: 7120.4 | NV4: 9019.3 | NW4: 9299.5 | NX4: 9980.9 | NY4: 7622.5 | NZ4: 7261.8 | OA4: 8879.5 | OB4: 7152.2 | OC4: 4092.2 | OD4: 6639.7 | OE4: 7841.2 | OF4: 5023.6 | OG4: 4910.7 | OH4: 211.9 | OI4: 6757.3 | OJ4: 4256.6 | OK4: 4483.4 | OL4: 5338.2 | OM4: 9190.8 | ON4: 6308.4 | OO4: 6101.9 | OP4: 3184.3 | OQ4: 3335.4 | OR4: 5108.2 | OS4: 3639.6 | OT4: 5489.3 | OU4: 7467 | OV4: 8763.8 | OW4: 10245.6 | OX4: 10283.5 | OY4: 9084.2 | OZ4: 5982.6 | PA4: 8839.5 | PB4: 7051 | PC4: 6675.9 | PD4: 7518.8 | PE4: 5774.2 | PF4: 6250.9 | PG4: 5545.1 | PH4: 6749.7 | PI4: 9012.6 | PJ4: 10156.5 | PK4: 9966.1 | PL4: 8980.1 | PM4: 10263.2 | PN4: 10079.9 | PO4: 10178.4 | PP4: 9382.6 | PQ4: 3497.5 | PR4: 6213.7 | PS4: 4947.6 | PT4: 4694 | PU4: 4510.4 | PV4: 2338.7 | PW4: 5012.7 | PX4: 6410.5 | PY4: 9087.7 | PZ4: 7221.7 | QA4: 7153.5 | QB4: 7805.2 | QC4: 6834 | QD4: 6823.1 | QE4: 8759.4 | QF4: 8363 | QG4: 7892 | QH4: 3935.3 | QI4: 8359.4 | QJ4: 7129.9 | QK4: 7312.2 | QL4: 9127.1 | QM4: 9505.6 | QN4: 9526.2 | QO4: 8405 | QP4: 9192.4 | QQ4: 8711.4 | QR4: 8924 | QS4: 6825.1 | QT4: 7215.5 | QU4: 7764.6 | QV4: 8907 | QW4: 4961.3 | QX4: 7506.5 | QY4: 6467.3 | QZ4: 8951.9 | RA4: 8941.8 | RB4: 3071.1 | RC4: 7784.4 | RD4: 8916 | RE4: 8863.8 | RF4: 7585.8 | RG4: 7728.6 | RH4: 7329 | RI4: 8559.1 | RJ4: 8367.3 | RK4: 8953.8 | RL4: 8828.7 | RM4: 8560.2 | RN4: 6684 | RO4: 6916 | RP4: 6703.6 | RQ4: 8129.9 | RR4: 7635.8 | RS4: 6540.2 | RT4: 8586.8 | RU4: 7399.5 | RV4: 7758.2 | RW4: 8298.9 | RX4: 8484 | RY4: 8446.6 | RZ4: 8092.8 | SA4: 7142.2 | SB4: 7085.6 | SC4: 1599.9 | SD4: 7464.7 | SE4: 8381.6 | SF4: 7828.8 | SG4: 5943.1 | SH4: 2201.7 | SI4: 5114.1 | SJ4: 4835 | SK4: 2355.8 | SL4: 1938.4 | SM4: 2667.9 | SN4: 3245 | SO4: 5605.2 | SP4: 6889.5 | SQ4: 4407.8 | SR4: 4486.9 | SS4: 5740.1 | ST4: 6583.5 | SU4: 7299.3 | SV4: 6882.2 | SW4: 7601.5 | SX4: 7791.7 | SY4: 7818.2 | SZ4: 8016.7 | TA4: 7788.6 | TB4: 7156.6 | TC4: 7677.2 | TD4: 7814.9 | TE4: 7835.9 | TF4: 6679.7 | TG4: 6390 | TH4: 5916.6 | TI4: 6315.8 | TJ4: 5676.7 | TK4: 428.1 | TL4: 501.9 | TM4: 3815.1 | TN4: 2029.1 | TO4: 6006.6 | TP4: 7793.9 | TQ4: 7591.8 | TR4: 3005.4 | TS4: 7525.6 | TT4: 6098.2 | TU4: 884.3 | TV4: 899.2 | TW4: 710.7 | TX4: 59.5 | TY4: 7459.5 | TZ4: 7369.4 | UA4: 7228.9 | UB4: 7268.8 | UC4: 7460.7 | UD4: 7506.5 | UE4: 6707.4 | UF4: 5793.1 | UG4: 7414.2 | UH4: 6828.6 | UI4: 7241.2 | UJ4: 7108.7 | UK4: 7361.5 | UL4: 7058.1 | UM4: 6385.9 | UN4: 4310.6 | UO4: 7981.9 | UP4: 8066.7 | UQ4: 7962.1 | UR4: 7727.1 | US4: 7787.6 | UT4: 8026.6 | UU4: 7985.5 | UV4: 7522.9 | UW4: 7833.3 | UX4: 7723.1 | UY4: =SUM(JP4:KT4) -> 34326.4 | UZ4: =SUM(KU4:LX4) -> 75986.2 | VA4: 172455.7 | VB4: =SUM(ND4:OH4) -> 208477.6 | VC4: =SUM(GerDiaria[[#This Row],[01/02/2026]:[28/02/2026]]) -> 188594.3 | VD4: =SUM(GerDiaria[[#This Row],[01/03/2026]:[31/03/2026]]) -> 229715.7 | VE4: =SUM(GerDiaria[[#This Row],[01/04/2026]:[30/04/2026]]) -> 231526.1 | VF4: ok | VG4: O&M full
A5: UFV Aparecida III 1 | B5: UFV Aparecida III 1 | JP5: 22496.04 | JQ5: 15738.21 | JR5: 18441.25 | JS5: 16184.95 | JT5: 23403.72 | JU5: 21922.94 | JV5: 19433.8 | JW5: 4263.04 | JX5: 6007.53 | JY5: 9422.03 | JZ5: 17209.1 | KA5: 20539.73 | KB5: 11688.05 | KC5: 16131.22 | KD5: 11431.46 | KE5: 18584.79 | KF5: 19273.9 | KG5: 7536.06 | KH5: 9438.07 | KI5: 12473.15 | KJ5: 19919.17 | KK5: 24381.32 | KL5: 23793.22 | KM5: 23131.58 | KN5: 23089.4 | KO5: 21814.5 | KP5: 15310.43 | KQ5: 6810.15 | KR5: 10327.42 | KS5: 6131.53 | KT5: 6407.75 | KU5: 18432.14 | KV5: 3735.23 | KW5: 13244.84 | KX5: 19604.42 | KY5: 16706.43 | KZ5: 15452.97 | LA5: 20207.58 | LB5: 6312.4 | LC5: 14589.29 | LD5: 19479.03 | LE5: 20715.6 | LF5: 24065.86 | LG5: 19776.9 | LH5: 12658.7 | LI5: 8799.52 | LJ5: 8789.19 | LK5: 13875.29 | LL5: 13575.41 | LM5: 20348.66 | LN5: 21778.29 | LO5: 24729.33 | LP5: 18289.7 | LQ5: 10790.62 | LR5: 9406.08 | LS5: 20446.14 | LT5: 24096.21 | LU5: 18992.67 | LV5: 20001.48 | LW5: 19010.63 | LX5: 23571.58 | LY5: 20623.91 | LZ5: 9898.71 | MA5: 16417.75 | MB5: 17841.79 | MC5: 23920.11 | MD5: 21903.55 | ME5: 21276.01 | MF5: 17803.6 | MG5: 4503.42 | MH5: 11639.26 | MI5: 23759.53 | MJ5: 18627.48 | MK5: 11629.35 | ML5: 10425.8 | MM5: 19130.29 | MN5: 18003.39 | MO5: 6578.74 | MP5: 10664.91 | MQ5: 7969.21 | MR5: 19522.15 | MS5: 21136.11 | MT5: 23971.13 | MU5: 20493.6 | MV5: 21047.58 | MW5: 21106.77 | MX5: 19176.35 | MY5: 20761.55 | MZ5: 22129.3 | NA5: 17790.62 | NB5: 18407.61 | NC5: 11880.53 | ND5: 16818.38 | NE5: 15471.35 | NF5: 19313.15 | NG5: 18438.79 | NH5: 7921.88 | NI5: 17484.19 | NJ5: 13995.76 | NK5: 9925.3 | NL5: 20939.94 | NM5: 21226.78 | NN5: 23115.26 | NO5: 22670.63 | NP5: 18398.33 | NQ5: 13896.39 | NR5: 14503.67 | NS5: 13683.21 | NT5: 14520.09 | NU5: 14338.43 | NV5: 13181.01 | NW5: 6616.11 | NX5: 9105.27 | NY5: 6224.35 | NZ5: 8039.04 | OA5: 9182.6 | OB5: 12020.45 | OC5: 16725.3 | OD5: 18232.63 | OE5: 16318.75 | OF5: 14481.58 | OG5: 8798.13 | OH5: 17399.31 | OI5: 13942.34 | OJ5: 8073.96 | OK5: 8596.97 | OL5: 11404.06 | OM5: 9055.16 | ON5: 14543.16 | OO5: 10243.45 | OP5: 12298.87 | OQ5: 5720.94 | OR5: 9390.41 | OS5: 9618.94 | OT5: 14740.12 | OU5: 21530.58 | OV5: 19620.15 | OW5: 22022.49 | OX5: 19180.6 | OY5: 21191.77 | OZ5: 16229.55 | PA5: 14986.34 | PB5: 16897.79 | PC5: 16350.22 | PD5: 13120.2 | PE5: 11333.82 | PF5: 12364.79 | PG5: 16457.32 | PH5: 9166.07 | PI5: 6388.44 | PJ5: 10921.25 | PK5: 15711.96 | PL5: 11401.77 | PM5: 12822.65 | PN5: 13248.18 | PO5: 20377.41 | PP5: 8120.49 | PQ5: 7931.36 | PR5: 15186.27 | PS5: 9619.52 | PT5: 5981.53 | PU5: 6304.15 | PV5: 5141.86 | PW5: 4442.89 | PX5: 16813.25 | PY5: 14675.09 | PZ5: 16976.88 | QA5: 18065.18 | QB5: 18792.98 | QC5: 7495.8 | QD5: 16982.1 | QE5: 19337.77 | QF5: 15906.89 | QG5: 19166.93 | QH5: 16416.16 | QI5: 17870.43 | QJ5: 16724.01 | QK5: 17848.5 | QL5: 17935.67 | QM5: 18270.99 | QN5: 14159.88 | QO5: 5325.81 | QP5: 15436.63 | QQ5: 11050.79 | QR5: 12652.91 | QS5: 14331.87 | QT5: 16282.53 | QU5: 14557.02 | QV5: 15432.49 | QW5: 10012.55 | QX5: 12464.07 | QY5: 3588.43 | QZ5: 15008.68 | RA5: 17671.96 | RB5: 15803.83 | RC5: 17315.84 | RD5: 18493.75 | RE5: 17325.24 | RF5: 14555.53 | RG5: 13901.9 | RH5: 16330 | RI5: 16727.25 | RJ5: 16556.56 | RK5: 14212.64 | RL5: 15737.81 | RM5: 15656.9 | RN5: 14985.54 | RO5: 15810.59 | RP5: 13867.73 | RQ5: 9831.28 | RR5: 12716.08 | RS5: 14945.65 | RT5: 12821.75 | RU5: 13653.57 | RV5: 4793.7 | RW5: 12960.16 | RX5: 14757.12 | RY5: 15082.18 | RZ5: 14810.41 | SA5: 11636.93 | SB5: 10393.68 | SC5: 7116.05 | SD5: 7187.04 | SE5: 12161.17 | SF5: 14094.09 | SG5: 10602.32 | SH5: 5922.82 | SI5: 10442.71 | SJ5: 6249.18 | SK5: 4809.51 | SL5: 4455.7 | SM5: 5713.65 | SN5: 6722.14 | SO5: 3917.58 | SP5: 7500.47 | SQ5: 10880.24 | SR5: 6448.31 | SS5: 9465.04 | ST5: 8684.2 | SU5: 14518.25 | SV5: 7974.01 | SW5: 10160.09 | SX5: 7961.2 | SY5: 5912.2 | SZ5: 8007.92 | TA5: 9545.04 | TB5: 11714.43 | TC5: 15022.89 | TD5: 13522.94 | TE5: 12299.87 | TF5: 13455.41 | TG5: 13625.8 | TH5: 11668.57 | TI5: 4735.71 | TJ5: 5134.76 | TK5: 8328.29 | TL5: 8069.16 | TM5: 4931.04 | TN5: 7549.25 | TO5: 13023.27 | TP5: 12897.39 | TQ5: 15205.7 | TR5: 12043.78 | TS5: 15523.75 | TT5: 13947.13 | TU5: 6254.03 | TV5: 1358.91 | TW5: 2695.74 | TX5: 8749.08 | TY5: 10488.27 | TZ5: 12385.92 | UA5: 14927.17 | UB5: 12613.75 | UC5: 15206.96 | UD5: 15154.86 | UE5: 13297.29 | UF5: 6973.25 | UG5: 8432.07 | UH5: 11401.03 | UI5: 7924.13 | UJ5: 14692.59 | UK5: 11155.31 | UL5: 10954.1 | UM5: 15517.18 | UN5: 8185.36 | UO5: 13467.73 | UP5: 16427.9 | UQ5: 16461.81 | UR5: 16630.66 | US5: 17002.96 | UT5: 17005.87 | UU5: 16534.58 | UV5: 16513.78 | UW5: 16815.66 | UX5: 16196.8 | UY5: 2028.64 | UZ5: =SUM(KU5:LX5) -> 501482.19 | VA5: =SUM(LY5:NC5) -> 530040.11 | VB5: =SUM(ND5:OH5) -> 452986.06 | VC5: =SUM(GerDiaria[[#This Row],[01/02/2026]:[28/02/2026]]) -> 375389.76 | VD5: =SUM(GerDiaria[[#This Row],[01/03/2026]:[31/03/2026]]) -> 425054.36 | VE5: =SUM(GerDiaria[[#This Row],[01/04/2026]:[30/04/2026]]) -> 433264.05 | VF5: ok | VG5: O&M full
A6: UFV Araçoiaba da Serra I 1 | B6: UFV Araçoiaba da Serra I 1 | JP6: 12083.94 | JQ6: 11254.33 | JR6: 17229.91 | JS6: 8814.42 | JT6: 23116.57 | JU6: 17182.55 | JV6: 8266.69 | JW6: 11743.76 | JX6: 10618.19 | JY6: 7911.32 | JZ6: 7247.91 | KA6: 13516.89 | KB6: 5402.32 | KC6: 18376.74 | KD6: 23752.67 | KE6: 23326.64 | KF6: 15364.22 | KG6: 5103.59 | KH6: 12896.29 | KI6: 21334.39 | KJ6: 24367.14 | KK6: 24876.05 | KL6: 24859.75 | KM6: 24853.03 | KN6: 23112.03 | KO6: 17797.36 | KP6: 3513.27 | KQ6: 7301.11 | KR6: 13388.51 | KS6: 8697.12 | KT6: 9183.17 | KU6: 18504.03 | KV6: 4720.02 | KW6: 10593.35 | KX6: 13243.23 | KY6: 14700.42 | KZ6: 17179.84 | LA6: 24876.94 | LB6: 12826.43 | LC6: 21093.71 | LD6: 24800.26 | LE6: 24764.64 | LF6: 1930.5 | LG6: 9104.36 | LH6: 13926.23 | LI6: 16111.6 | LJ6: 9324.13 | LK6: 11873.58 | LL6: 11754.74 | LM6: 25258.99 | LN6: 23638.38 | LO6: 23889.25 | LP6: 20553.92 | LQ6: 20939.46 | LR6: 10949.91 | LS6: 22479.75 | LT6: 23200.73 | LU6: 25159.08 | LV6: 25953.04 | LW6: 24495.45 | LX6: 23246.27 | LY6: 19296.63 | LZ6: 11726.8 | MA6: 19724.19 | MB6: 23486.76 | MC6: 25450.81 | MD6: 24627.69 | ME6: 22736.83 | MF6: 14518.11 | MG6: 4125.95 | MH6: 17943.44 | MI6: 25097.01 | MJ6: 10428.27 | MK6: 8231.52 | ML6: 11030.97 | MM6: 19973.49 | MN6: 17175.11 | MO6: 12494.28 | MP6: 11966.62 | MQ6: 18824.06 | MR6: 20418.42 | MS6: 24936.1 | MT6: 25725.63 | MU6: 19917.9 | MV6: 24260.07 | MW6: 24597.17 | MX6: 22382.16 | MY6: 21590.26 | MZ6: 19676.77 | NA6: 15253.81 | NB6: 20364.23 | NC6: 12714.02 | ND6: 16326.8 | NE6: 11794.23 | NF6: 15132.59 | NG6: 16086.32 | NH6: 14728.65 | NI6: 18002.97 | NJ6: 20053.82 | NK6: 18625.96 | NL6: 13417.78 | NM6: 16180.1 | NN6: 17475.09 | NO6: 11851.7 | NP6: 11351.42 | NQ6: 14455.14 | NR6: 11751.83 | NS6: 13244.86 | NT6: 10384.35 | NU6: 9681.69 | NV6: 7135.53 | NW6: 16208.83 | NX6: 12067.89 | NY6: 13419.35 | NZ6: 16442.35 | OA6: 15261.72 | OB6: 13506.53 | OC6: 16876.37 | OD6: 16417.29 | OE6: 15767.46 | OF6: 11522.09 | OG6: 8237.24 | OH6: 15725.25 | OI6: 12354.79 | OJ6: 8850.81 | OK6: 11996.65 | OL6: 12410.87 | OM6: 19353.12 | ON6: 22130.3 | OO6: 19361.02 | OP6: 17059.7 | OQ6: 9655.68 | OR6: 9588.56 | OS6: 12369.15 | OT6: 18894.82 | OU6: 20973.66 | OV6: 17150.05 | OW6: 23106.58 | OX6: 24499.05 | OY6: 19758.71 | OZ6: 13816.63 | PA6: 19170.7 | PB6: 22006.05 | PC6: 17636.37 | PD6: 18039.59 | PE6: 14668.6 | PF6: 13622.51 | PG6: 9304.2 | PH6: 10082.69 | PI6: 15438.02 | PJ6: 20108.66 | PK6: 17545.7 | PL6: 20765.91 | PM6: 22784.39 | PN6: 23989.42 | PO6: 21932.05 | PP6: 14420.86 | PQ6: 15298.7 | PR6: 16332.88 | PS6: 6386.14 | PT6: 6330.6 | PU6: 6576.88 | PV6: 3450.21 | PW6: 18326.23 | PX6: 23335.58 | PY6: 20336.17 | PZ6: 22243.36 | QA6: 16247.82 | QB6: 17834.08 | QC6: 3406.95 | QD6: 18925.9 | QE6: 22126.37 | QF6: 16607.55 | QG6: 21883.84 | QH6: 22800.5 | QI6: 18252.26 | QJ6: 20253.08 | QK6: 20180.96 | QL6: 19607.74 | QM6: 21755.65 | QN6: 17881.94 | QO6: 9153.61 | QP6: 14437.02 | QQ6: 14443.26 | QR6: 14398.51 | QS6: 13540.23 | QT6: 21052.85 | QU6: 18963.51 | QV6: 8676.25 | QW6: 11182.88 | QX6: 13869.48 | QY6: 8283.42 | QZ6: 20513.82 | RA6: 19083.35 | RB6: 19118.42 | RC6: 20950.59 | RD6: 18625.26 | RE6: 20783.94 | RF6: 19637.45 | RG6: 15301.66 | RH6: 21146.46 | RI6: 21194.64 | RJ6: 21211.47 | RK6: 19409.97 | RL6: 19216.34 | RM6: 18236.98 | RN6: 17039 | RO6: 19006.26 | RP6: 6326.46 | RQ6: 7840.9 | RR6: 9585.53 | RS6: 13452.47 | RT6: 16587.01 | RU6: 12431.15 | RV6: 6558.62 | RW6: 18346.74 | RX6: 18120.59 | RY6: 17879.63 | RZ6: 17268.17 | SA6: 10730.94 | SB6: 6293.42 | SC6: 1608.44 | SD6: 12916.94 | SE6: 19967.83 | SF6: 16699.74 | SG6: 16811.66 | SH6: 2904.9 | SI6: 13692.33 | SJ6: 2885.77 | SK6: 3278.47 | SL6: 4175.7 | SM6: 9738.99 | SN6: 13420.78 | SO6: 7610.75 | SP6: 2648.99 | SQ6: 7977.13 | SR6: 12492.72 | SS6: 12943.24 | ST6: 13494.91 | SU6: 18188.04 | SV6: 15975.7 | SW6: 13572.46 | SX6: 11395.27 | SY6: 17669.35 | SZ6: 16104.27 | TA6: 15124.96 | TB6: 16486.55 | TC6: 17062.9 | TD6: 17365.48 | TE6: 17472.87 | TF6: 16922.44 | TG6: 13157.66 | TH6: 10459.04 | TI6: 5330.73 | TJ6: 4714.82 | TK6: 6748.26 | TL6: 3216.11 | TM6: 1362.33 | TN6: 14835.89 | TO6: 17396.3 | TP6: 17526.32 | TQ6: 15881.4 | TR6: 2231.74 | TS6: 13718.17 | TT6: 16758.63 | TU6: 2478.58 | TV6: 1504.48 | TW6: 3571.57 | TX6: 11805.46 | TY6: 12483.82 | TZ6: 16234.51 | UA6: 14456.68 | UB6: 15616.25 | UC6: 15403.89 | UD6: 16237.2 | UE6: 15787.11 | UF6: 12479.15 | UG6: 13639.08 | UH6: 16115.07 | UI6: 11521.24 | UJ6: 16731.88 | UK6: 13944.74 | UL6: 16565.21 | UM6: 14714.09 | UN6: 11569.05 | UO6: 15308.38 | UP6: 15502.15 | UQ6: 18125.73 | UR6: 17838.84 | US6: 17983.98 | UT6: 18497.85 | UU6: 18336.83 | UV6: 17754.49 | UW6: 17493.13 | UX6: 11523.52 | UY6: 2270.91 | UZ6: =SUM(KW6:LZ6) -> 538891.62 | VA6: =SUM(LY6:NC6) -> 570695.08 | VB6: =SUM(ND6:OH6) -> 439133.2 | VC6: =SUM(GerDiaria[[#This Row],[01/02/2026]:[28/02/2026]]) -> 453407.54 | VD6: =SUM(GerDiaria[[#This Row],[01/03/2026]:[31/03/2026]]) -> 526973.33 | VE6: =SUM(GerDiaria[[#This Row],[01/04/2026]:[30/04/2026]]) -> 486528.38 | VG6: Em implantação
A7: UFV Araçoiaba da Serra I 2 | B7: UFV Araçoiaba da Serra I 2 | JP7: 11348.07 | JQ7: 10572.82 | JR7: 16437.38 | JS7: 8095.53 | JT7: 22707.34 | JU7: 16129.47 | JV7: 7644.42 | JW7: 10967.82 | JX7: 9902.98 | JY7: 7250.12 | JZ7: 6969.27 | KA7: 12492.94 | KB7: 4984.58 | KC7: 17403.95 | KD7: 22971.07 | KE7: 22588.51 | KF7: 18177.43 | KG7: 4663.43 | KH7: 12030.78 | KI7: 20611.27 | KJ7: 24187.44 | KK7: 24475.02 | KL7: 24399.53 | KM7: 24373.35 | KN7: 22482.86 | KO7: 17199.71 | KP7: 3251.5 | KQ7: 6683.77 | KR7: 12328.76 | KS7: 8031.39 | KT7: 8464.22 | KU7: 17880.45 | KV7: 4286 | KW7: 9816.96 | KX7: 9726.78 | KY7: 9963.85 | KZ7: 12159.27 | LA7: 18261.85 | LB7: 8918.41 | LC7: 15060.57 | LD7: 18363.83 | LE7: 18129.47 | LF7: 17391.28 | LG7: 8275.67 | LH7: 13029.71 | LI7: 15140.04 | LJ7: 8608.52 | LK7: 10939.35 | LL7: 10552.93 | LM7: 24794.53 | LN7: 23040.27 | LO7: 23328.27 | LP7: 19616.49 | LQ7: 19781.77 | LR7: 10284.97 | LS7: 21793.61 | LT7: 22691.26 | LU7: 24628.38 | LV7: 25294.8 | LW7: 22685.15 | LX7: 19592.73 | LY7: 15588.46 | LZ7: 10835.36 | MA7: 18623.81 | MB7: 22523.97 | MC7: 24660.09 | MD7: 23420.68 | ME7: 21345.62 | MF7: 13596.92 | MG7: 3841.69 | MH7: 15702.67 | MI7: 24352.01 | MJ7: 9514.49 | MK7: 7636.74 | ML7: 10197.4 | MM7: 18362.2 | MN7: 15917.08 | MO7: 11504.43 | MP7: 10821.31 | MQ7: 17505.45 | MR7: 21403.49 | MS7: 25081.04 | MT7: 24769.41 | MU7: 19146.29 | MV7: 23242.1 | MW7: 23669.06 | MX7: 22066.69 | MY7: 23493.22 | MZ7: 21833.75 | NA7: 16528.77 | NB7: 22257.1 | NC7: 13956.74 | ND7: 17490.91 | NE7: 12785.89 | NF7: 16443.12 | NG7: 17418.11 | NH7: 16713.85 | NI7: 19646.6 | NJ7: 22138.34 | NK7: 20611.56 | NL7: 16082.07 | NM7: 20828.43 | NN7: 19796.51 | NO7: 15239.99 | NP7: 13921.91 | NQ7: 17679.56 | NR7: 14848.75 | NS7: 17018.21 | NT7: 13361.87 | NU7: 12065.96 | NV7: 8590.07 | NW7: 20816.74 | NX7: 14914.33 | NY7: 16703.28 | NZ7: 21034.4 | OA7: 19051.51 | OB7: 17229.13 | OC7: 21292.61 | OD7: 20643.15 | OE7: 20280.4 | OF7: 14388.06 | OG7: 9403.42 | OH7: 15044.18 | OI7: 11676.53 | OJ7: 8107.75 | OK7: 11984.34 | OL7: 11509.73 | OM7: 18435.39 | ON7: 21566.86 | OO7: 18274.15 | OP7: 15715.16 | OQ7: 8793.61 | OR7: 8875.59 | OS7: 11376.77 | OT7: 18274.54 | OU7: 20071.07 | OV7: 16637.71 | OW7: 22061.33 | OX7: 23577.1 | OY7: 18985.01 | OZ7: 12934.47 | PA7: 18136.86 | PB7: 20936.63 | PC7: 16891.08 | PD7: 16730.91 | PE7: 13788.38 | PF7: 13228.33 | PG7: 8539.52 | PH7: 9200.26 | PI7: 14373.33 | PJ7: 19261.67 | PK7: 16935.81 | PL7: 19943.75 | PM7: 22555.9 | PN7: 23203.71 | PO7: 21245.15 | PP7: 13391.12 | PQ7: 14546.12 | PR7: 15328.62 | PS7: 5804.5 | PT7: 5690.34 | PU7: 5975.25 | PV7: 3150.32 | PW7: 16359.14 | PX7: 22287.92 | PY7: 19298.07 | PZ7: 21549.85 | QA7: 18706.07 | QB7: 16591.76 | QC7: 3136.96 | QD7: 17986.58 | QE7: 20709.67 | QF7: 17178.07 | QG7: 20764.51 | QH7: 21832.55 | QI7: 17442.67 | QJ7: 19016.3 | QK7: 19200.96 | QL7: 18622.52 | QM7: 15094.13 | QN7: 16776.26 | QO7: 8489.59 | QP7: 13294 | QQ7: 13368.35 | QR7: 13493.05 | QS7: 12510.91 | QT7: 19980.13 | QU7: 18305.34 | QV7: 8103.7 | QW7: 10242.26 | QX7: 13016.01 | QY7: 7691.37 | QZ7: 19723.83 | RA7: 18000.13 | RB7: 17923.85 | RC7: 19727.64 | RD7: 17305.01 | RE7: 19425.23 | RF7: 17993.45 | RG7: 14206.42 | RH7: 19586.95 | RI7: 19867.59 | RJ7: 19924.08 | RK7: 18120.83 | RL7: 17812.63 | RM7: 16874.67 | RN7: 15853.79 | RO7: 17584.09 | RP7: 5829.49 | RQ7: 7158.58 | RR7: 8766.17 | RS7: 12587.65 | RT7: 15135.9 | RU7: 11421.11 | RV7: 5971.98 | RW7: 16770.47 | RX7: 16608.66 | RY7: 15808.2 | RZ7: 16499.31 | SA7: 9953.64 | SB7: 5780.02 | SC7: 1464.81 | SD7: 11793.94 | SE7: 18366.97 | SF7: 15442.28 | SG7: 15437.49 | SH7: 2658.67 | SI7: 12645.14 | SJ7: 2654.48 | SK7: 3008.45 | SL7: 3812.89 | SM7: 8627 | SN7: 12534.8 | SO7: 7010.07 | SP7: 2410.07 | SQ7: 7463.12 | SR7: 11510.74 | SS7: 12180.5 | ST7: 12605.3 | SU7: 17083.9 | SV7: 14945.73 | SW7: 12846.2 | SX7: 10569.74 | SY7: 16251.23 | SZ7: 15235.39 | TA7: 13919.59 | TB7: 15205.45 | TC7: 15748.93 | TD7: 16091.66 | TE7: 16204.55 | TF7: 15670.31 | TG7: 12177.35 | TH7: 9778.17 | TI7: 4842.82 | TJ7: 4317.25 | TK7: 6428.48 | TL7: 2945.99 | TM7: 1281.04 | TN7: 13644.66 | TO7: 16220.56 | TP7: 16329.53 | TQ7: 14793.08 | TR7: 2065.04 | TS7: 12970.6 | TT7: 15572.95 | TU7: 2287.09 | TV7: 1391.08 | TW7: 3305.17 | TX7: 10644 | TY7: 11619.43 | TZ7: 15105.55 | UA7: 13475.36 | UB7: 14449.32 | UC7: 14398.3 | UD7: 15109.63 | UE7: 14736.31 | UF7: 11588.32 | UG7: 12962.74 | UH7: 14016.98 | UI7: 10672.5 | UJ7: 15441.11 | UK7: 12829.83 | UL7: 14629.71 | UM7: 13924.42 | UN7: 10842.75 | UO7: 14355 | UP7: 14751.93 | UQ7: 16859.34 | UR7: 16560.85 | US7: 16680.09 | UT7: 17158.69 | UU7: 16977.47 | UV7: 16530.08 | UW7: 16290.16 | UX7: 10689.42 | UY7: 2219.03 | UZ7: =SUM(KU7:LX7) -> 484037.17 | VA7: =SUM(LY7:NC7) -> 553398.04 | VB7: =SUM(ND7:OH7) -> 523482.92 | VC7: =SUM(GerDiaria[[#This Row],[01/02/2026]:[28/02/2026]]) -> 429944.08 | VD7: =SUM(GerDiaria[[#This Row],[01/03/2026]:[31/03/2026]]) -> 498814.17 | VE7: =SUM(GerDiaria[[#This Row],[01/04/2026]:[30/04/2026]]) -> 454277.2 | VF7: ok | VG7: O&M full
A8: UFV Boa Esperança do Sul I 1 | B8: UFV Boa Esperança do Sul I 1 | JP8: 22880.72 | JQ8: 21983.17 | JR8: 21015.96 | JS8: 15356.91 | JT8: 24908.49 | JU8: 20983.92 | JV8: 15122.22 | JW8: 15548 | JX8: 16191.91 | JY8: 19406.89 | JZ8: 19620.83 | KA8: 12022.82 | KB8: 2940.9 | KC8: 14338.99 | KD8: 23339.81 | KE8: 22983.03 | KF8: 16492.71 | KG8: 6266.04 | KH8: 20160.5 | KI8: 26782.58 | KJ8: 26785.11 | KK8: 26725.22 | KL8: 26809.79 | KM8: 26582.82 | KN8: 25350 | KO8: 22008.23 | KP8: 3513.97 | KQ8: 10437.94 | KR8: 15262.86 | KS8: 9864.96 | KT8: 16658.42 | KU8: 18431 | KV8: 4547.53 | KW8: 18816.22 | KX8: 19865.04 | KY8: 11764.41 | KZ8: 22043.76 | LA8: 26995.85 | LB8: 9372.74 | LC8: 26746.74 | LD8: 27477.41 | LE8: 22950.11 | LF8: 24980.92 | LG8: 13574.65 | LH8: 10790.41 | LI8: 17542.62 | LJ8: 7240.13 | LK8: 11332.58 | LL8: 16444.81 | LM8: 26686.71 | LN8: 27537.07 | LO8: 26502.57 | LP8: 22362.51 | LQ8: 22872.89 | LR8: 13432.76 | LS8: 25864.51 | LT8: 27885.89 | LU8: 27428.8 | LV8: 27424.99 | LW8: 26783.51 | LX8: 25703.78 | LY8: 23709.71 | LZ8: 17643.73 | MA8: 21359.65 | MB8: 24792.07 | MC8: 26860.31 | MD8: 20645.9 | ME8: 14370.86 | MF8: 16189.79 | MG8: 2972 | MH8: 19487.92 | MI8: 26218.41 | MJ8: 12578.13 | MK8: 8220.93 | ML8: 4595.25 | MM8: 20516.05 | MN8: 14720.06 | MO8: 20269.61 | MP8: 17946.66 | MQ8: 16717.69 | MR8: 17959.96 | MS8: 22965.5 | MT8: 25102.61 | MU8: 24095.8 | MV8: 24246.49 | MW8: 19296.25 | MX8: 22513.01 | MY8: 17946.8 | MZ8: 21915.8 | NA8: 27000.03 | NB8: 25660.23 | NC8: 16010.93 | ND8: 20375.88 | NE8: 12941.9 | NF8: 19248 | NG8: 22862.86 | NH8: 23402.52 | NI8: 21271.44 | NJ8: 18009.48 | NK8: 22509.66 | NL8: 18849.06 | NM8: 19952.17 | NN8: 18846.19 | NO8: 18515.77 | NP8: 13744.35 | NQ8: 14364.16 | NR8: 14922.58 | NS8: 13376.49 | NT8: 19560.64 | NU8: 12570.11 | NV8: 10896.57 | NW8: 15572.3 | NX8: 18474.77 | NY8: 14254.89 | NZ8: 22154.58 | OA8: 20135.72 | OB8: 21168.19 | OC8: 22186.08 | OD8: 21812.4 | OE8: 18021.7 | OF8: 19858.15 | OG8: 9528.01 | OH8: 16222.54 | OI8: 6188.84 | OJ8: 13820.33 | OK8: 15279.65 | OL8: 9953.76 | OM8: 19027.08 | ON8: 22831.31 | OO8: 16837.61 | OP8: 11924.36 | OQ8: 7053.1 | OR8: 12876.73 | OS8: 14946.33 | OT8: 22012 | OU8: 22602.72 | OV8: 16837.2 | OW8: 24539.17 | OX8: 26291.97 | OY8: 24498.44 | OZ8: 22822.01 | PA8: 21417.37 | PB8: 22375.63 | PC8: 14667.54 | PD8: 12489.58 | PE8: 14053.81 | PF8: 6960.37 | PG8: 7134.52 | PH8: 7374.82 | PI8: 9159.06 | PJ8: 12010.84 | PK8: 12321.49 | PL8: 12285.21 | PM8: 12307.22 | PN8: 12026.24 | PO8: 11590.72 | PP8: 7296.99 | PQ8: 7857.23 | PR8: 10304.25 | PS8: 3629.99 | PT8: 5228.58 | PU8: 2630.16 | PV8: 3200.47 | PW8: 4826.09 | PX8: 9758.88 | PY8: 8947.7 | PZ8: 9739.24 | QA8: 8157.6 | QB8: 11234.07 | QC8: 9706.2 | QD8: 13786.03 | QE8: 20458.71 | QF8: 18527.94 | QG8: 18152.99 | QH8: 19704.2 | QI8: 14925.65 | QJ8: 15704 | QK8: 21608.2 | QL8: 21056.76 | QM8: 22369.9 | QN8: 20567.08 | QO8: 12024.81 | QP8: 15788.12 | QQ8: 14257.16 | QR8: 20378.26 | QS8: 20551.08 | QT8: 19953.92 | QU8: 19266.57 | QV8: 12330.8 | QW8: 12234.99 | QX8: 13797.94 | QY8: 14835.49 | QZ8: 19736.43 | RA8: 19875.45 | RB8: 14241.51 | RC8: 19469.26 | RD8: 20948.5 | RE8: 19601.39 | RF8: 20294.81 | RG8: 16176.55 | RH8: 18204.59 | RI8: 20960.09 | RJ8: 20743.42 | RK8: 20176.79 | RL8: 18984.72 | RM8: 17034.75 | RN8: 18550.39 | RO8: 18241.34 | RP8: 10548.03 | RQ8: 14663.41 | RR8: 14963.27 | RS8: 16118.2 | RT8: 16775.1 | RU8: 17243.57 | RV8: 18557.21 | RW8: 16952.47 | RX8: 17920.04 | RY8: 18280.71 | RZ8: 17170.23 | SA8: 15178.16 | SB8: 12806.92 | SC8: 2821.75 | SD8: 17622.9 | SE8: 19746.73 | SF8: 18011.84 | SG8: 14739.89 | SH8: 5166.37 | SI8: 14869.77 | SJ8: 5338.42 | SK8: 8098.98 | SL8: 5402.67 | SM8: 4944.17 | SN8: 10901.91 | SO8: 13290.86 | SP8: 9377.57 | SQ8: 10217.73 | SR8: 8900.11 | SS8: 10704.38 | ST8: 11278.68 | SU8: 12527.1 | SV8: 14218.6 | SW8: 14321.67 | SX8: 15290.38 | SY8: 15224.52 | SZ8: 15540.69 | TA8: 14781.04 | TB8: 15676.88 | TC8: 16902.89 | TD8: 9348.43 | TE8: 16939.73 | TF8: 16574.64 | TG8: 14207.15 | TH8: 11841.93 | TI8: 7607.2 | TJ8: 6927.77 | TK8: 4307.45 | TL8: 4093.98 | TM8: 3313.38 | TN8: 7531.37 | TO8: 15479.95 | TP8: 17441.15 | TQ8: 16530.08 | TR8: 3487.09 | TS8: 15143.14 | TT8: 16008.34 | TU8: 3340.96 | TV8: 1771.89 | TW8: 4063.66 | TX8: 14739.47 | TY8: 16184.41 | TZ8: 16608.88 | UA8: 15532.79 | UB8: 15519.71 | UC8: 16495.8 | UD8: 16740.65 | UE8: 16319.43 | UF8: 15842.31 | UG8: 13698.6 | UH8: 14743.24 | UI8: 15150.92 | UJ8: 15477.57 | UK8: 17280.75 | UL8: 16805.65 | UM8: 14047.02 | UN8: 8577.66 | UO8: 17058.24 | UP8: 18500.57 | UQ8: 17913.92 | UR8: 17475.98 | US8: 17809.74 | UT8: 18174.98 | UU8: 18058.75 | UV8: 17605.61 | UW8: 17473.04 | UX8: 16245.59 | UY8: 1292.91 | UZ8: =SUM(KU8:LX8) -> 611402.92 | VA8: =SUM(LY8:NC8) -> 594528.14 | VB8: =SUM(ND8:OH8) -> 555609.16 | VC8: =SUM(GerDiaria[[#This Row],[01/02/2026]:[28/02/2026]]) -> 437986.15 | VD8: =SUM(GerDiaria[[#This Row],[01/03/2026]:[31/03/2026]]) -> 381934.6 | VE8: =SUM(GerDiaria[[#This Row],[01/04/2026]:[30/04/2026]]) -> 522927.23 | VF8: ok | VG8: Em implantação
A9: UFV Boa Esperança do Sul I 2 | B9: UFV Boa Esperança do Sul I 2 | JP9: 13688.93 | JQ9: 13137.1 | JR9: 12512.27 | JS9: 9170.3 | JT9: 14814.68 | JU9: 12572.09 | JV9: 8991.99 | JW9: 9338.82 | JX9: 9760.77 | JY9: 11620.02 | JZ9: 11679.47 | KA9: 7327.9 | KB9: 1846.69 | KC9: 8754.64 | KD9: 13998.13 | KE9: 13738.6 | KF9: 9838.33 | KG9: 3920 | KH9: 12082.95 | KI9: 15970.79 | KJ9: 16047.77 | KK9: 16013.05 | KL9: 16063.58 | KM9: 15931.55 | KN9: 15205.98 | KO9: 13289.29 | KP9: 2151.6 | KQ9: 6302.21 | KR9: 9166.69 | KS9: 5691.68 | KT9: 8291.29 | KU9: 10372.44 | KV9: 2449.59 | KW9: 8955.27 | KX9: 10061.7 | KY9: 6858.52 | KZ9: 9952.8 | LA9: 12665.43 | LB9: 4901.76 | LC9: 12925.31 | LD9: 12911.57 | LE9: 11639.02 | LF9: 12216.49 | LG9: 7789.72 | LH9: 6409.79 | LI9: 9368.56 | LJ9: 4038.43 | LK9: 5549.58 | LL9: 7477.08 | LM9: 12989.48 | LN9: 13001.07 | LO9: 12916.78 | LP9: 11154.39 | LQ9: 11965.88 | LR9: 7457.97 | LS9: 12448.26 | LT9: 13217.05 | LU9: 13376.24 | LV9: 13132.46 | LW9: 12698.13 | LX9: 12406.86 | LY9: 12783.69 | LZ9: 9694.2 | MA9: 11631.58 | MB9: 12374.99 | MC9: 13060.14 | MD9: 10096.75 | ME9: 8501.96 | MF9: 8491.93 | MG9: 1823.95 | MH9: 9537.97 | MI9: 12706.74 | MJ9: 7437.07 | MK9: 4838.26 | ML9: 2626.48 | MM9: 10051.19 | MN9: 7437.29 | MO9: 10704.57 | MP9: 10363.07 | MQ9: 9050.44 | MR9: 9094.61 | MS9: 12331.85 | MT9: 12373.41 | MU9: 12318.78 | MV9: 12793.88 | MW9: 9095.84 | MX9: 11511.21 | MY9: 10602.73 | MZ9: 12412.8 | NA9: 12973.61 | NB9: 12113.98 | NC9: 7160.92 | ND9: 11302.06 | NE9: 7882.57 | NF9: 10090.89 | NG9: 12010.59 | NH9: 12030.29 | NI9: 10999.07 | NJ9: 9961.18 | NK9: 11507.88 | NL9: 11497.21 | NM9: 10534.63 | NN9: 9605.67 | NO9: 10619.83 | NP9: 8541.74 | NQ9: 9260.85 | NR9: 9160.23 | NS9: 8131.04 | NT9: 12111.91 | NU9: 8011.63 | NV9: 6770.59 | NW9: 9745.75 | NX9: 10835.66 | NY9: 8165.72 | NZ9: 11351.01 | OA9: 11233.63 | OB9: 11721.69 | OC9: 11891.14 | OD9: 12054.57 | OE9: 10916.51 | OF9: 11866.08 | OG9: 5682.56 | OH9: 7818.82 | OI9: 3782.74 | OJ9: 7907.76 | OK9: 7838.81 | OL9: 5833.24 | OM9: 9111.69 | ON9: 11648.03 | OO9: 8245.55 | OP9: 6704.17 | OQ9: 4035.28 | OR9: 6666.56 | OS9: 7327.04 | OT9: 10243.94 | OU9: 10272.81 | OV9: 9142.94 | OW9: 11878.61 | OX9: 12795.44 | OY9: 11838.21 | OZ9: 11056.61 | PA9: 10207.24 | PB9: 11812.23 | PC9: 8570.43 | PD9: 8083.36 | PE9: 8887.98 | PF9: 0 | PG9: 0 | PH9: 0 | PI9: 0 | PJ9: 0 | PK9: 0 | PL9: 0 | PM9: 0 | PN9: 0 | PO9: 0 | PP9: 0 | PQ9: 0 | PR9: 0 | PS9: 0 | PT9: 0 | PU9: 0 | PV9: 0 | PW9: 0 | PX9: 0 | PY9: 0 | PZ9: 0 | QA9: 0 | QB9: 0 | QC9: 1218.6 | QD9: 3906.92 | QE9: 7935.63 | QF9: 6749.08 | QG9: 7359.94 | QH9: 7374.02 | QI9: 6907.42 | QJ9: 7891.63 | QK9: 10516.18 | QL9: 10638.32 | QM9: 10646.95 | QN9: 10411.16 | QO9: 6721.29 | QP9: 8159.09 | QQ9: 8164.9 | QR9: 9475.36 | QS9: 9826.12 | QT9: 9738.88 | QU9: 10364.22 | QV9: 6295.44 | QW9: 5218.95 | QX9: 6878.3 | QY9: 7967.36 | QZ9: 10264.01 | RA9: 10174.25 | RB9: 7789.81 | RC9: 9680.62 | RD9: 9844.52 | RE9: 9957.91 | RF9: 9340.59 | RG9: 8386.28 | RH9: 8656.75 | RI9: 9657.68 | RJ9: 9409.94 | RK9: 9369.58 | RL9: 9109.27 | RM9: 8298.68 | RN9: 9069.2 | RO9: 8667.46 | RP9: 5217.81 | RQ9: 7885.38 | RR9: 7560.22 | RS9: 7349.55 | RT9: 8026.6 | RU9: 8090.38 | RV9: 8391.07 | RW9: 7952.83 | RX9: 8350.91 | RY9: 8338.16 | RZ9: 8371.75 | SA9: 7850.69 | SB9: 6555.48 | SC9: 1812.3 | SD9: 8234.37 | SE9: 8831.26 | SF9: 8674.88 | SG9: 7598.26 | SH9: 3101.16 | SI9: 7670.22 | SJ9: 3289.98 | SK9: 4686.13 | SL9: 3245.52 | SM9: 2369.24 | SN9: 6110.97 | SO9: 6865.08 | SP9: 4392.86 | SQ9: 5885.44 | SR9: 5281.26 | SS9: 5386.82 | ST9: 6123.24 | SU9: 6261.99 | SV9: 6679.96 | SW9: 6431.59 | SX9: 6676.6 | SY9: 6472.72 | SZ9: 8290.25 | TA9: 7783.21 | TB9: 7944.08 | TC9: 8069.47 | TD9: 8087.63 | TE9: 8091.43 | TF9: 7883.5 | TG9: 6868.93 | TH9: 6851.4 | TI9: 4272.01 | TJ9: 4394.68 | TK9: 3355.29 | TL9: 2602.52 | TM9: 2048.39 | TN9: 4234.61 | TO9: 7995.09 | TP9: 8626.67 | TQ9: 8252.14 | TR9: 2216.18 | TS9: 8261.43 | TT9: 8144.19 | TU9: 2232.48 | TV9: 1227.01 | TW9: 2575.59 | TX9: 7551.64 | TY9: 8033.53 | TZ9: 8222.41 | UA9: 7785.09 | UB9: 7742.94 | UC9: 8177.54 | UD9: 8265.12 | UE9: 8132.31 | UF9: 7953.47 | UG9: 7327.94 | UH9: 7688.53 | UI9: 7692.27 | UJ9: 7691.93 | UK9: 8523.98 | UL9: 8284.61 | UM9: 7269.46 | UN9: 5020.19 | UO9: 8638.89 | UP9: 9213.24 | UQ9: 8964.99 | UR9: 8729.24 | US9: 8830.84 | UT9: 8999.36 | UU9: 8924.9 | UV9: 8698.21 | UW9: 8651.55 | UX9: 8225.62 | UY9: 1013.94 | UZ9: =SUM(KU9:LX9) -> 303307.63 | VA9: =SUM(LY9:NC9) -> 307995.89 | VB9: =SUM(ND9:OH9) -> 313313 | VC9: =SUM(GerDiaria[[#This Row],[01/02/2026]:[28/02/2026]]) -> 203890.67 | VD9: =SUM(GerDiaria[[#This Row],[01/03/2026]:[31/03/2026]]) -> 98277.14 | VE9: =SUM(GerDiaria[[#This Row],[01/04/2026]:[30/04/2026]]) -> 257778.13 | VG9: Em implantação
A10: UFV Caxambu I 1 | B10: UFV Caxambu I 1 | JP10: 11025.86 | JQ10: 11760.48 | JR10: 12139.41 | JS10: 4367.23 | JT10: 16149.75 | JU10: 13166.61 | JV10: 8427.01 | JW10: 5240.8 | JX10: 7078.83 | JY10: 5551.25 | JZ10: 10732.19 | KA10: 10732.48 | KB10: 5502.73 | KC10: 11127.57 | KD10: 15127.53 | KE10: 15120.73 | KF10: 14724.38 | KG10: 3409.73 | KH10: 6803.91 | KI10: 12272.19 | KJ10: 17853.69 | KK10: 17812.22 | KL10: 17680.12 | KM10: 17355.32 | KN10: 14392.35 | KO10: 13447.56 | KP10: 2485.06 | KQ10: 3264.47 | KR10: 7683.23 | KS10: 5239.35 | KT10: 4732.29 | KU10: 12728.29 | KV10: 2255.12 | KW10: 8102.75 | KX10: 11441.15 | KY10: 10351.72 | KZ10: 10111.53 | LA10: 16427.67 | LB10: 5030.88 | LC10: 10617.62 | LD10: 16047.22 | LE10: 16275.06 | LF10: 16438.44 | LG10: 8832.18 | LH10: 9032.44 | LI10: 12350.52 | LJ10: 6255.46 | LK10: 7612.1 | LL10: 6471.44 | LM10: 13111.05 | LN10: 16720.76 | LO10: 15847.64 | LP10: 12081.41 | LQ10: 14396.96 | LR10: 6177.09 | LS10: 12239.29 | LT10: 17734.64 | LU10: 15783.27 | LV10: 15069.2 | LW10: 15777.25 | LX10: 15386.97 | LY10: 13728.54 | LZ10: 8425.93 | MA10: 13667.26 | MB10: 12506.29 | MC10: 15499.37 | MD10: 14250.04 | ME10: 12216.49 | MF10: 8047.07 | MG10: 3095.01 | MH10: 9074.67 | MI10: 16103.95 | MJ10: 9543.56 | MK10: 6402.45 | ML10: 5197.67 | MM10: 11973.99 | MN10: 9504.61 | MO10: 4650.96 | MP10: 6710.49 | MQ10: 7821.57 | MR10: 14748.9 | MS10: 15972.09 | MT10: 14699.09 | MU10: 15564.19 | MV10: 16038.65 | MW10: 14934.73 | MX10: 11504.09 | MY10: 13327.14 | MZ10: 14144.18 | NA10: 12957.81 | NB10: 14344.91 | NC10: 11014.07 | ND10: 10192.79 | NE10: 7503.1 | NF10: 9976.68 | NG10: 12138.16 | NH10: 9542.68 | NI10: 12061.7 | NJ10: 11560.19 | NK10: 12309.51 | NL10: 14078.31 | NM10: 14916.33 | NN10: 13756.09 | NO10: 12037.7 | NP10: 10786.78 | NQ10: 10399.19 | NR10: 7914.12 | NS10: 10399.37 | NT10: 10000.08 | NU10: 7665.75 | NV10: 6218.37 | NW10: 7425.08 | NX10: 9180.48 | NY10: 8612.2 | NZ10: 11360.16 | OA10: 8028.26 | OB10: 3395.41 | OC10: 10059.77 | OD10: 10858.85 | OE10: 7576.8 | OF10: 10130.02 | OG10: 6094.17 | OH10: 7934 | OI10: 4934.4 | OJ10: 6748.73 | OK10: 6423.52 | OL10: 7744.55 | OM10: 10286.15 | ON10: 4278.24 | OO10: 7636.07 | OP10: 7000.38 | OQ10: 3509.14 | OR10: 4108.21 | OS10: 6268.17 | OT10: 9370.62 | OU10: 11124.94 | OV10: 7591.66 | OW10: 11058.56 | OX10: 9953.7 | OY10: 7896.4 | OZ10: 10338.62 | PA10: 8693.27 | PB10: 10526.86 | PC10: 6906.53 | PD10: 9065.37 | PE10: 5634.92 | PF10: 1719.32 | PG10: 6424.99 | PH10: 5071.34 | PI10: 8110.33 | PJ10: 9480.39 | PK10: 9409.15 | PL10: 8464.41 | PM10: 9065.52 | PN10: 9525.74 | PO10: 12155.55 | PP10: 7151.85 | PQ10: 3638.12 | PR10: 11251.03 | PS10: 2703.56 | PT10: 3471.43 | PU10: 2623.93 | PV10: 2787.68 | PW10: 5091.26 | PX10: 13675.55 | PY10: 12305.85 | PZ10: 13399.9 | QA10: 6880.61 | QB10: 12073.37 | QC10: 4313.55 | QD10: 7613.2 | QE10: 12661.48 | QF10: 10515.63 | QG10: 15708.6 | QH10: 14429.86 | QI10: 11081.38 | QJ10: 10953.48 | QK10: 15579.99 | QL10: 15542.59 | QM10: 14510.68 | QN10: 10894.51 | QO10: 4862.15 | QP10: 11286.44 | QQ10: 8654.62 | QR10: 11615.44 | QS10: 13328.34 | QT10: 11992.42 | QU10: 11047.57 | QV10: 9656.67 | QW10: 7757.19 | QX10: 8360.51 | QY10: 5356.37 | QZ10: 1814.66 | RD10: 3489.21 | RE10: 10296.41 | RF10: 10683.51 | RG10: 8904.27 | RH10: 10743.67 | RI10: 11089.14 | RJ10: 11024.09 | RK10: 9910.27 | RL10: 10198.95 | RM10: 9309.45 | RN10: 9370.05 | RO10: 8764.09 | RP10: 5714.79 | RQ10: 7244.81 | RR10: 7239.13 | RS10: 9186.29 | RT10: 8305.67 | RU10: 8003.91 | RV10: 4062.3 | RW10: 8456.61 | RX10: 8936.23 | RY10: 9411.56 | RZ10: 9102.88 | SA10: 6448.78 | SB10: 7130.53 | SC10: 1115.41 | SD10: 7487.29 | SE10: 9809.36 | SF10: 9092.07 | SG10: 7572.66 | SH10: 2066.95 | SI10: 7609.12 | SJ10: 2724.24 | SK10: 2488.93 | SL10: 1962.41 | SM10: 6027.42 | SN10: 5315.86 | SO10: 4449.99 | SP10: 3229.91 | SQ10: 5514.13 | SR10: 4549.93 | SS10: 7714.51 | ST10: 6068.87 | SU10: 10194.9 | SV10: 4477.11 | SW10: 6128.22 | SX10: 8820.29 | SY10: 6584.44 | SZ10: 8004.97 | TA10: 8945.55 | TB10: 9534.63 | TC10: 10116.86 | TD10: 9077.97 | TE10: 10196.54 | TF10: 10111.7 | TG10: 8629.33 | TH10: 7492.08 | TI10: 2681.42 | TJ10: 2970.83 | TK10: 4224.45 | TL10: 2579.31 | TM10: 1845.44 | TN10: 4606.61 | TO10: 8849.49 | TP10: 10474.05 | TQ10: 9885.57 | TR10: 5273.34 | TS10: 7879.05 | TT10: 10113.01 | TU10: 2167.89 | TV10: 809.74 | TW10: 2354.89 | TX10: 5688.09 | TY10: 8300.76 | TZ10: 9822.61 | UA10: 8951.12 | UB10: 9229.24 | UC10: 6491.23 | UD10: 0 | UE10: 10374.93 | UF10: 7429.8 | UG10: 7191.66 | UH10: 8673.87 | UI10: 7189.26 | UJ10: 10241.48 | UK10: 9733.36 | UL10: 10931.76 | UM10: 10536.36 | UN10: 4692.17 | UO10: 8676.98 | UP10: 11081.55 | UQ10: 11902.5 | UR10: 11620.37 | US10: 11967.13 | UT10: 11940.34 | UU10: 11929.05 | UV10: 11623.36 | UW10: 11525.67 | UX10: 8997.96 | UY10: 1142.51 | UZ10: =SUM(KU10:LX10) -> 356707.12 | VA10: =SUM(LY10:NC10) -> 357669.77 | VB10: =SUM(ND10:OH10) -> 304112.1 | VC10: =SUM(GerDiaria[[#This Row],[01/02/2026]:[28/02/2026]]) -> 207905.38 | VD10: =SUM(GerDiaria[[#This Row],[01/03/2026]:[31/03/2026]]) -> 294341.61 | VE10: =SUM(GerDiaria[[#This Row],[01/04/2026]:[30/04/2026]]) -> 244038.36 | VF10: ok | VG10: O&M full
A11: UFV Goytacazes 1 1 | B11: UFV Goytacazes 1 1 | JP11: 23413.49 | JQ11: 18641 | JR11: 16753.25 | JS11: 18121.16 | JT11: 19493.33 | JU11: 23547.51 | JV11: 22430.02 | JW11: 9976.14 | JX11: 7917.46 | JY11: 6841.77 | JZ11: 11035.71 | KA11: 17746.16 | KB11: 6889.86 | KC11: 7103 | KD11: 13467.42 | KE11: 21582.64 | KF11: 21775.66 | KG11: 13382.43 | KH11: 3620.32 | KI11: 16772.39 | KJ11: 11492 | KK11: 15481.69 | KL11: 16797.49 | KM11: 13201.06 | KN11: 11855.91 | KO11: 23488.17 | KP11: 23658.59 | KQ11: 17828.64 | KR11: 19511.33 | KS11: 15155.12 | KT11: 6118.55 | KU11: 14527.04 | KV11: 18800.34 | KW11: 12724.31 | KX11: 13531.66 | KY11: 22770.4 | KZ11: 9465.11 | LA11: 6607.76 | LB11: 4754.93 | LC11: 11564.57 | LD11: 15343.11 | LE11: 17772.2 | LF11: 20828.74 | LG11: 21543.91 | LH11: 16468.35 | LI11: 13158.33 | LJ11: 9802.66 | LK11: 7492.26 | LL11: 19064.52 | LM11: 10534.14 | LN11: 18243.01 | LO11: 20401.02 | LP11: 19473.58 | LQ11: 13270.81 | LR11: 7008.79 | LS11: 14271.42 | LT11: 14619.56 | LU11: 10967.26 | LV11: 13805.21 | LW11: 17717.26 | LX11: 20548.28 | LY11: 19504.95 | LZ11: 16213.21 | MA11: 8707.73 | MB11: 8508.9 | MC11: 6264.4 | MD11: 13308.08 | ME11: 18671.68 | MF11: 17642.13 | MG11: 15107.5 | MH11: 9830.93 | MI11: 18526.79 | MJ11: 18367.9 | MK11: 9595.56 | ML11: 10061.77 | MM11: 12721.08 | MN11: 14296.89 | MO11: 3945.23 | MP11: 6947.86 | MQ11: 4392.83 | MR11: 11833.62 | MS11: 19214.86 | MT11: 19493.09 | MU11: 21152.56 | MV11: 20467.08 | MW11: 20998.54 | MX11: 20735.68 | MY11: 20899.2 | MZ11: 20978 | NA11: 20935.51 | NB11: 20445.37 | NC11: 21033.5 | ND11: 22260.15 | NE11: 19127.7 | NF11: 15297.83 | NG11: 0 | NH11: 0 | NI11: 0 | NJ11: 0 | NK11: 13380.33 | NL11: 24112.15 | NM11: 24356.76 | NN11: 24153.96 | NO11: 23979.97 | NP11: 23826.66 | NQ11: 23960.83 | NR11: 23192.67 | NS11: 19328.52 | NT11: 21347.84 | NU11: 12453.16 | NV11: 17819.54 | NW11: 1733.69 | NX11: 5601.83 | NY11: 4940.4 | NZ11: 4188.49 | OA11: 10978.86 | OB11: 21479.07 | OC11: 23166.79 | OD11: 23180.4 | OE11: 21110.13 | OF11: 20445.58 | OG11: 11770.53 | OH11: 19232.61 | OI11: 22414.28 | OJ11: 17507.15 | OK11: 13745.85 | OL11: 18391.36 | OM11: 10584.89 | ON11: 15665.82 | OO11: 16563.87 | OP11: 13021.91 | OQ11: 8822.21 | OR11: 14564.02 | OS11: 15677.53 | OT11: 22080.39 | OU11: 19444.3 | OV11: 21984.7 | OW11: 21562.31 | OX11: 20729.5 | OY11: 20090.69 | OZ11: 21458.03 | PA11: 13919.93 | PB11: 15708.69 | PC11: 13511.35 | PD11: 13061.03 | PE11: 11975.26 | PF11: 9232.28 | PG11: 15748.06 | PH11: 13123.59 | PI11: 8178.8 | PJ11: 13667.06 | PK11: 19146.08 | PL11: 18730.27 | PM11: 14945.04 | PN11: 14281.16 | PO11: 18553.44 | PP11: 15992.1 | PQ11: 16562.27 | PR11: 16166.73 | PS11: 12811.49 | PT11: 7994.02 | PU11: 11247.71 | PV11: 11540.65 | PW11: 6986.97 | PX11: 11777.7 | PY11: 17121.1 | PZ11: 17173.13 | QA11: 16408.37 | QB11: 14695.3 | QC11: 10960.8 | QD11: 4806.2 | QE11: 10406.8 | QF11: 15183.57 | QG11: 5149.19 | QH11: 15285.83 | QI11: 17104.53 | QJ11: 17664.24 | QK11: 11750.84 | QL11: 14058.37 | QM11: 12321.07 | QN11: 14004.62 | QO11: 14699.21 | QP11: 14926.48 | QQ11: 17026.66 | QR11: 14044.22 | QS11: 10508.52 | QT11: 13441.54 | QU11: 15528.41 | QV11: 12251.25 | QW11: 16050.77 | QX11: 15294.18 | QY11: 4615.01 | QZ11: 9361.82 | RA11: 9463.85 | RB11: 13392.62 | RC11: 17073.98 | RD11: 17699.51 | RE11: 12330.98 | RF11: 18013.18 | RG11: 18467.17 | RH11: 13522.64 | RI11: 16347.91 | RJ11: 16718.26 | RK11: 14978.51 | RL11: 15162.34 | RM11: 11905.51 | RN11: 17808.61 | RO11: 18005.78 | RP11: 18024.07 | RQ11: 13746.68 | RR11: 17538.84 | RS11: 13875.24 | RT11: 18124.1 | RU11: 18680.66 | RV11: 4054.13 | RW11: 10379.6 | RX11: 18894.76 | RY11: 7491.57 | RZ11: 12459.62 | SA11: 18331.59 | SB11: 17386.59 | SC11: 17162.81 | SD11: 2967.83 | SE11: 13171.88 | SF11: 15344.5 | SG11: 12016.84 | SH11: 10617.66 | SI11: 11724.97 | SJ11: 10883.87 | SK11: 14363.94 | SL11: 6843.32 | SM11: 3099.55 | SN11: 6121.53 | SO11: 5726.35 | SP11: 5180.94 | SQ11: 15337.28 | SR11: 11820.03 | SS11: 7206.48 | ST11: 11658.39 | SU11: 11459.4 | SV11: 8442.56 | SW11: 8375.96 | SX11: 13771.62 | SY11: 13746.73 | SZ11: 6246.58 | TA11: 15220.03 | TB11: 8488 | TC11: 11011.19 | TD11: 15660.18 | TE11: 14737.64 | TF11: 15283.57 | TG11: 15094.75 | TH11: 13692.32 | TI11: 7015.07 | TJ11: 13453.82 | TK11: 13919.64 | TL11: 6420.36 | TM11: 10760.98 | TN11: 8007.86 | TO11: 9841.76 | TP11: 16550.62 | TQ11: 13876.49 | TR11: 16481.72 | TS11: 9271.66 | TT11: 14653.3 | TU11: 16283.91 | TV11: 14186.12 | TW11: 4604.77 | TX11: 11543.41 | TY11: 13848.55 | TZ11: 15582.79 | UA11: 15421.18 | UB11: 13365.76 | UC11: 15993.84 | UD11: 15906.96 | UE11: 15775.41 | UF11: 8769.31 | UG11: 8052.6 | UH11: 8311.2 | UI11: 14975.31 | UJ11: 5988.87 | UK11: 12401.79 | UL11: 16179.98 | UM11: 14784.93 | UN11: 13009.89 | UO11: 5033.73 | UP11: 14629.54 | UQ11: 14247.91 | UR11: 14305.95 | US11: 15517.53 | UT11: 16304.01 | UU11: 16001.04 | UV11: 16814.67 | UW11: 14312.53 | UX11: 15772.51 | UY11: 837.1 | UZ11: =SUM(KU11:LX11) -> 437080.54 | VA11: =SUM(LY11:NC11) -> 470802.43 | VB11: =SUM(ND11:OH11) -> 476426.45 | VC11: =SUM(GerDiaria[[#This Row],[01/02/2026]:[28/02/2026]]) -> 442434.86 | VD11: =SUM(GerDiaria[[#This Row],[01/03/2026]:[31/03/2026]]) -> 425528.8 | VE11: =SUM(GerDiaria[[#This Row],[01/04/2026]:[30/04/2026]]) -> 437124.54 | VF11: ok | VG11: O&M full
A12: UFV Guaratinguetá 5 1 | B12: UFV Guaratinguetá 5 1 | JP12: 22597.64 | JQ12: 15351.97 | JR12: 19377.06 | JS12: 15992.79 | JT12: 24260.27 | JU12: 22511.95 | JV12: 19049.28 | JW12: 3701.08 | JX12: 6069.51 | JY12: 9256.58 | JZ12: 17073.93 | KA12: 19820.45 | KB12: 12626.18 | KC12: 20518.74 | KD12: 8733.03 | KE12: 19871.53 | KF12: 19250.98 | KG12: 8034.91 | KH12: 7923.87 | KI12: 17382.35 | KJ12: 21045.28 | KK12: 24948.8 | KL12: 24476.01 | KM12: 24466.71 | KN12: 25074.14 | KO12: 21822.46 | KP12: 15807.58 | KQ12: 6642.74 | KR12: 9283.65 | KS12: 7322.07 | KT12: 4751.82 | KU12: 19653.89 | KV12: 3367.16 | KW12: 12237.26 | KX12: 22718.12 | KY12: 16520.89 | KZ12: 15086.55 | LA12: 21708.84 | LB12: 7050.05 | LC12: 15182.86 | LD12: 20798.36 | LE12: 21062.94 | LF12: 26242.37 | LG12: 20762.23 | LH12: 11795.12 | LI12: 9036.59 | LJ12: 7668.47 | LK12: 13505.45 | LL12: 12288.59 | LM12: 19295.97 | LN12: 21539.97 | LO12: 25865.85 | LP12: 17973.16 | LQ12: 11162.4 | LR12: 10175.89 | LS12: 20688.64 | LT12: 25784.47 | LU12: 19321.54 | LV12: 19773.64 | LW12: 19961.34 | LX12: 25794.51 | LY12: 22376.47 | LZ12: 11279.48 | MA12: 11843.09 | MB12: 12794.54 | MC12: 17470.74 | MD12: 15596.58 | ME12: 16018.89 | MF12: 12457.57 | MG12: 3367.09 | MH12: 12771.36 | MI12: 20541.2 | MJ12: 18980.3 | MK12: 10976.45 | ML12: 8896.84 | MM12: 17880.35 | MN12: 16855.45 | MO12: 5305.53 | MP12: 7512.61 | MQ12: 6938.07 | MR12: 18117.33 | MS12: 21681.12 | MT12: 23776.46 | MU12: 19917.88 | MV12: 23143.76 | MW12: 22396.15 | MX12: 19462.76 | MY12: 20546.36 | MZ12: 21528.18 | NA12: 16675.03 | NB12: 16873.24 | NC12: 12877.68 | ND12: 13580.37 | NE12: 13918.55 | NF12: 19486.2 | NG12: 15359.1 | NH12: 7633.32 | NI12: 16974.6 | NJ12: 13139.27 | NK12: 7710.91 | NL12: 21583.08 | NM12: 23609.23 | NN12: 23903.02 | NO12: 22955.54 | NP12: 19163.88 | NQ12: 16885.91 | NR12: 14420.42 | NS12: 12521.24 | NT12: 17350.86 | NU12: 15192.75 | NV12: 13708.32 | NW12: 8209.05 | NX12: 9194.95 | NY12: 4734.77 | NZ12: 7482.57 | OA12: 9724.54 | OB12: 12615.53 | OC12: 19360.95 | OD12: 18772.75 | OE12: 16766.61 | OF12: 18910.22 | OG12: 9703.57 | OH12: 20710.66 | OI12: 17416.66 | OJ12: 9873.91 | OK12: 10756.34 | OL12: 16429.17 | OM12: 13232.74 | ON12: 14283.3 | OO12: 12679.85 | OP12: 12337.51 | OQ12: 4738.67 | OR12: 9722.04 | OS12: 9294.1 | OT12: 16049.88 | OU12: 25019.93 | OV12: 20348.48 | OW12: 24119.91 | OX12: 20934.49 | OY12: 23112.52 | OZ12: 16012.85 | PA12: 20507.96 | PB12: 20312.91 | PC12: 16031.8 | PD12: 16332.74 | PE12: 13158.45 | PF12: 12737.61 | PG12: 17953.83 | PH12: 10642.97 | PI12: 8505.53 | PJ12: 11216.17 | PK12: 17156.9 | PL12: 12475.01 | PM12: 13681.13 | PN12: 15480.87 | PO12: 20790.15 | PP12: 9505.23 | PQ12: 8689.49 | PR12: 15890.86 | PS12: 10499.09 | PT12: 5826.78 | PU12: 4895.36 | PV12: 3979.72 | PW12: 4342.48 | PX12: 17412.89 | PY12: 17495.31 | PZ12: 22732.35 | QA12: 22864.5 | QB12: 20904.55 | QC12: 7086.82 | QD12: 16224.86 | QE12: 21080.96 | QF12: 20619.21 | QG12: 22021.46 | QH12: 18913.45 | QI12: 21334.55 | QJ12: 18203.96 | QK12: 20353.97 | QL12: 20813.99 | QM12: 19766.93 | QN12: 16810.28 | QO12: 4107.52 | QP12: 18145.31 | QQ12: 11699.26 | QR12: 14265.02 | QS12: 15902.87 | QT12: 16964.15 | QU12: 0 | QV12: 0 | QW12: 0 | QX12: 32.46 | QY12: 3783.51 | QZ12: 12570.25 | RA12: 20389.93 | RB12: 16309.76 | RC12: 18982.93 | RD12: 22234.43 | RE12: 20657.35 | RF12: 15615.21 | RG12: 16339.05 | RH12: 17176.61 | RI12: 19792.26 | RJ12: 19750.21 | RK12: 16162.61 | RL12: 16237.61 | RM12: 18004.42 | RN12: 17466.33 | RO12: 19569.77 | RP12: 16710.14 | RQ12: 10705.33 | RR12: 14882.1 | RS12: 18552.62 | RT12: 12954.89 | RU12: 17502.74 | RV12: 6068.45 | RW12: 17548.05 | RX12: 17204.79 | RY12: 0 | RZ12: 0 | SA12: 10471.85 | SB12: 13145.6 | SC12: 7724.76 | SD12: 7190.18 | SE12: 14652.47 | SF12: 18449.44 | SG12: 12322.67 | SH12: 6534.26 | SI12: 13628.97 | SJ12: 6781.43 | SK12: 6088.45 | SL12: 4460.42 | SM12: 6230.91 | SN12: 7142.95 | SO12: 2988.29 | SP12: 8361.62 | SQ12: 11303.47 | SR12: 5409.45 | SS12: 10233.55 | ST12: 11397.55 | SU12: 17526.29 | SV12: 5879 | SW12: 10892.36 | SX12: 7491.68 | SY12: 5269.25 | SZ12: 4771.66 | TA12: 6324.81 | TB12: 4076.63 | TC12: 14202.78 | TD12: 13656.8 | TE12: 17113.25 | TF12: 16861.74 | TG12: 15306.48 | TH12: 13400.77 | TI12: 4632.73 | TJ12: 4518.17 | TK12: 8797.48 | TL12: 7852.51 | TM12: 5036.24 | TN12: 5945.9 | TO12: 13886.76 | TP12: 14358.26 | TQ12: 17708.64 | TR12: 12794.19 | TS12: 17042.67 | TT12: 15718.15 | TU12: 7542.43 | TV12: 1098.72 | TW12: 2153.78 | TX12: 8523 | TY12: 10806.14 | TZ12: 14774.56 | UA12: 16801.04 | UB12: 14121.02 | UC12: 16406.41 | UD12: 17056.14 | UE12: 15591.21 | UF12: 6686.45 | UG12: 5883.58 | UH12: 13009.25 | UI12: 8733.39 | UJ12: 15275.14 | UK12: 11877.38 | UL12: 12761.38 | UM12: 17279.06 | UN12: 7781.7 | UO12: 14307.67 | UP12: 18083.08 | UQ12: 18353.05 | UR12: 18964.68 | US12: 19227.1 | UT12: 19216 | UU12: 18936.5 | UV12: 18541.06 | UW12: 18854.81 | UX12: 17845.42 | UY12: 2515.72 | UZ12: =SUM(KU12:LX12) -> 514023.12 | VA12: =SUM(LY12:NC12) -> 486858.56 | VB12: =SUM(ND12:OH12) -> 465282.74 | VC12: =SUM(GerDiaria[[#This Row],[01/02/2026]:[28/02/2026]]) -> 423762.32 | VD12: =SUM(GerDiaria[[#This Row],[01/03/2026]:[31/03/2026]]) -> 471960.63 | VE12: =SUM(GerDiaria[[#This Row],[01/04/2026]:[30/04/2026]]) -> 428901.5 | VG12: Em implantação
A13: UFV Ibaté 1 1 | B13: UFV Ibaté 1 1 | JP13: 19130.73 | JQ13: 18819.74 | JR13: 19575.46 | JS13: 14734.95 | JT13: 23063.48 | JU13: 18857.1 | JV13: 15713.12 | JW13: 13918.74 | JX13: 11600.83 | JY13: 14346.67 | JZ13: 17991.87 | KA13: 13078.64 | KB13: 3655.94 | KC13: 11947.84 | KD13: 19538.22 | KE13: 20635.42 | KF13: 14592.6 | KG13: 6020.16 | KH13: 18877.56 | KI13: 21631.42 | KJ13: 25158.5 | KK13: 25140.55 | KL13: 25266.99 | KM13: 24286.86 | KN13: 22140.71 | KO13: 19712.83 | KP13: 3354.91 | KQ13: 7941.39 | KR13: 11482.33 | KS13: 6582.58 | KT13: 10777.4 | KU13: 13285.4 | KV13: 3871.93 | KW13: 7318.74 | KX13: 15294.3 | KY13: 10633.02 | KZ13: 21884.24 | LA13: 24003.16 | LB13: 6943.55 | LC13: 22319.55 | LD13: 25424.47 | LE13: 24300.17 | LF13: 20562.23 | LG13: 9738.76 | LH13: 11291.97 | LI13: 13672.24 | LJ13: 4949.49 | LK13: 8250.47 | LL13: 10292.06 | LM13: 23028.05 | LN13: 23973.19 | LO13: 21575.1 | LP13: 16779.87 | LQ13: 19319.01 | LR13: 9820.96 | LS13: 20839.85 | LT13: 23943.54 | LU13: 18659.27 | LV13: 23842.42 | LW13: 23045.14 | LX13: 21992.67 | LY13: 20332.18 | LZ13: 13446.78 | MA13: 15036.05 | MB13: 19079.29 | MC13: 25007.08 | MD13: 21043.89 | ME13: 16763.1 | MF13: 13491.74 | MG13: 1597.54 | MH13: 16612.37 | MI13: 22937.9 | MJ13: 10609.8 | MK13: 6576.75 | ML13: 5260.85 | MM13: 16540.7 | MN13: 10059.69 | MO13: 14704.78 | MP13: 10826.29 | MQ13: 12507.96 | MR13: 18271.85 | MS13: 23178.62 | MT13: 24456.37 | MU13: 24378.86 | MV13: 23884.15 | MW13: 18773.41 | MX13: 17946.43 | MY13: 15628.84 | MZ13: 18826.42 | NA13: 24779.55 | NB13: 23355.8 | NC13: 12517.97 | ND13: 20715.02 | NE13: 10781.45 | NF13: 15444.68 | NG13: 18677.43 | NH13: 20038.36 | NI13: 20246.35 | NJ13: 19950.88 | NK13: 20713.54 | NL13: 22659 | NM13: 20043.29 | NN13: 24072.53 | NO13: 17056.4 | NP13: 14920.57 | NQ13: 14061.41 | NR13: 16613.86 | NS13: 12665.07 | NT13: 16878.99 | NU13: 16621.82 | NV13: 8980.77 | NW13: 14600.39 | NX13: 19348.88 | NY13: 12368.09 | NZ13: 18471.83 | OA13: 17864.53 | OB13: 17704.27 | OC13: 18085.08 | OD13: 21110.72 | OE13: 13881.66 | OF13: 18966.84 | OG13: 9830.52 | OH13: 13009.76 | OI13: 4589.7 | OJ13: 11168.68 | OK13: 12497.78 | OL13: 7499.41 | OM13: 13053.13 | ON13: 18341.67 | OO13: 11552.98 | OP13: 8460.54 | OQ13: 5753.84 | OR13: 10316.13 | OS13: 10707.16 | OT13: 18324.01 | OU13: 18114.96 | OV13: 13431.13 | OW13: 16189.88 | OX13: 14800.43 | OY13: 17089.65 | OZ13: 17762 | PA13: 18860.77 | PB13: 19925.25 | PC13: 14581.78 | PD13: 11347.17 | PE13: 10255.82 | PF13: 8683.37 | PG13: 9207.48 | PH13: 12881.88 | PI13: 18565.46 | PJ13: 21339.9 | PK13: 22343.54 | PL13: 20354.11 | PM13: 21503.39 | PN13: 20939.23 | PO13: 20012.65 | PP13: 9890.43 | PQ13: 10836.24 | PR13: 17870.82 | PS13: 7482.98 | PT13: 9613.55 | PU13: 4960.19 | PV13: 5675.93 | PW13: 9431.69 | PX13: 20219.69 | PY13: 20097.59 | PZ13: 20276.82 | QA13: 17697.2 | QB13: 14006.55 | QC13: 10147.1 | QD13: 14320.52 | QE13: 18155.98 | QF13: 16837.05 | QG13: 14130.96 | QH13: 16876.39 | QI13: 14724.3 | QJ13: 12706.92 | QK13: 17652.3 | QL13: 18034.66 | QM13: 17565.16 | QN13: 16602.45 | QO13: 9654.73 | QP13: 15115.38 | QQ13: 12323.81 | QR13: 15685.64 | QS13: 13963.69 | QT13: 13730.64 | QU13: 14814.64 | QV13: 8735.58 | QW13: 10829.86 | QX13: 11293.03 | QY13: 11565.36 | QZ13: 14347.41 | RA13: 15716.86 | RB13: 13777.64 | RC13: 14821.46 | RD13: 16493.85 | RE13: 15378.35 | RF13: 15619.26 | RG13: 9662.15 | RH13: 11066.23 | RI13: 13233.46 | RJ13: 13731.69 | RK13: 12542.94 | RL13: 11924.05 | RM13: 11391.55 | RN13: 11522.78 | RO13: 11421.99 | RP13: 6800.64 | RQ13: 8744.42 | RR13: 11552.45 | RS13: 12589.13 | RT13: 9954.24 | RU13: 10884.51 | RV13: 11595.68 | RW13: 10744.89 | RX13: 10319.47 | RY13: 11255.32 | RZ13: 10907.96 | SA13: 8208.19 | SB13: 7920.91 | SC13: 2144.37 | SD13: 10278.19 | SE13: 12293.38 | SF13: 10933.6 | SG13: 9294.66 | SH13: 3046.97 | SI13: 10230.09 | SJ13: 4375.65 | SK13: 5957.89 | SL13: 4099.87 | SM13: 3615.15 | SN13: 9057 | SO13: 8939.02 | SP13: 7208.19 | SQ13: 8217.62 | SR13: 5882.17 | SS13: 8805.77 | ST13: 11017.95 | SU13: 12979.45 | SV13: 12434.49 | SW13: 11536.54 | SX13: 12345.25 | SY13: 11059.7 | SZ13: 11897.62 | TA13: 12264.67 | TB13: 12126.5 | TC13: 11533.25 | TD13: 13389.51 | TE13: 13118.37 | TF13: 12988.45 | TG13: 11257.91 | TH13: 9492.69 | TI13: 5145.38 | TJ13: 5213.87 | TK13: 4016.04 | TL13: 2904.25 | TM13: 2303.16 | TN13: 5250.36 | TO13: 13289.54 | TP13: 13389.92 | TQ13: 12841.49 | TR13: 3828.65 | TS13: 12866.46 | TT13: 12276.74 | TU13: 2429.25 | TV13: 1019.89 | TW13: 4236.96 | TX13: 10260.44 | TY13: 13050.1 | TZ13: 13323.2 | UA13: 12740.32 | UB13: 12578.3 | UC13: 13086.23 | UD13: 13218.94 | UE13: 12827.03 | UF13: 11910.14 | UG13: 9136.13 | UH13: 9896.81 | UI13: 12916.29 | UJ13: 11584.71 | UK13: 13645.63 | UL13: 13405.16 | UM13: 9868.15 | UN13: 6956.16 | UO13: 14139.53 | UP13: 15167.7 | UQ13: 14744.14 | UR13: 14343.85 | US13: 14725.01 | UT13: 14790.41 | UU13: 14533.17 | UV13: 14174.47 | UW13: 13748.94 | UX13: 12909.32 | UY13: 1733.38 | UZ13: =SUM(KU13:LX13) -> 500854.82 | VA13: =SUM(LY13:NC13) -> 518433.01 | VB13: =SUM(ND13:OH13) -> 526383.99 | VC13: =SUM(GerDiaria[[#This Row],[01/02/2026]:[28/02/2026]]) -> 375301.96 | VD13: =SUM(GerDiaria[[#This Row],[01/03/2026]:[31/03/2026]]) -> 470621.12 | VE13: =SUM(GerDiaria[[#This Row],[01/04/2026]:[30/04/2026]]) -> 380395.94 | VG13: O&M full
A14: UFV Ibaté 2 1 | B14: UFV Ibaté 2 1 | JP14: 19329.75 | JQ14: 19813.93 | JR14: 20409.88 | JS14: 15358.3 | JT14: 23584.92 | JU14: 19306.44 | JV14: 15003.69 | JW14: 13849.14 | JX14: 12487.49 | JY14: 13886.72 | JZ14: 9298.21 | KA14: 14148.39 | KB14: 4067.25 | KC14: 9466.05 | KD14: 15951.77 | KE14: 17291.78 | KF14: 12882.38 | KG14: 5701.53 | KH14: 19363.72 | KI14: 22544.61 | KJ14: 24572.44 | KK14: 24834.23 | KL14: 24984.96 | KM14: 24591.16 | KN14: 22392.2 | KO14: 19681.04 | KP14: 3403.64 | KQ14: 9794.09 | KR14: 14377.23 | KS14: 7850.56 | KT14: 11639.98 | KU14: 16193.17 | KV14: 4021.42 | KW14: 12615.2 | KX14: 13902.84 | KY14: 10985.75 | KZ14: 21224.55 | LA14: 23912.91 | LB14: 7375.29 | LC14: 21812.34 | LD14: 25208.52 | LE14: 23147.04 | LF14: 22850.24 | LG14: 10452.12 | LH14: 11744.61 | LI14: 15233.16 | LJ14: 5632.55 | LK14: 9768.88 | LL14: 11876 | LM14: 24797.89 | LN14: 25620.92 | LO14: 23297.44 | LP14: 18830.37 | LQ14: 20402.91 | LR14: 9084.44 | LS14: 17900.88 | LT14: 25890.74 | LU14: 24693.75 | LV14: 25057.19 | LW14: 22839.72 | LX14: 21160.61 | LY14: 18619.59 | LZ14: 12670.12 | MA14: 13824.58 | MB14: 15715.62 | MC14: 21677.96 | MD14: 20593.57 | ME14: 13348.54 | MF14: 14316.31 | MG14: 1847.3 | MH14: 16995.44 | MI14: 22914.76 | MJ14: 10838.17 | MK14: 6950.79 | ML14: 5618.58 | MM14: 17536.78 | MN14: 10892.7 | MO14: 15501.31 | MP14: 10593.92 | MQ14: 9945.11 | MR14: 16432.06 | MS14: 21996.01 | MT14: 23048.45 | MU14: 24674.86 | MV14: 24023.38 | MW14: 18890.05 | MX14: 17178.36 | MY14: 14572.86 | MZ14: 18837.24 | NA14: 23628.22 | NB14: 23555.42 | NC14: 14568.66 | ND14: 20503.15 | NE14: 10780.75 | NF14: 15037.44 | NG14: 16012.43 | NH14: 17188.29 | NI14: 18810.05 | NJ14: 16873.78 | NK14: 18799.73 | NL14: 21166.99 | NM14: 19731.23 | NN14: 21177.79 | NO14: 15798.61 | NP14: 15113.07 | NQ14: 13423.53 | NR14: 15623.34 | NS14: 12394.86 | NT14: 15119.51 | NU14: 15976.37 | NV14: 9237.33 | NW14: 15359.25 | NX14: 17540.52 | NY14: 11314.92 | NZ14: 15841.08 | OA14: 15637.74 | OB14: 14868.08 | OC14: 15327.37 | OD14: 18771.84 | OE14: 12293.57 | OF14: 18227.06 | OG14: 10567.88 | OH14: 13613.85 | OI14: 5386.27 | OJ14: 12124.54 | OK14: 13418.04 | OL14: 7705.56 | OM14: 13304.29 | ON14: 18717.78 | OO14: 12251.56 | OP14: 9002.7 | OQ14: 5283.38 | OR14: 12144.2 | OS14: 11916.08 | OT14: 19343.16 | OU14: 21814.18 | OV14: 14941.1 | OW14: 19055.77 | OX14: 16924.32 | OY14: 17737.89 | OZ14: 19514.14 | PA14: 17670.08 | PB14: 21368.82 | PC14: 15436.28 | PD14: 12427.78 | PE14: 10823.21 | PF14: 9335.46 | PG14: 9825.8 | PH14: 12840.63 | PI14: 18897.29 | PJ14: 22552.22 | PK14: 23619.56 | PL14: 21936.58 | PM14: 21356.52 | PN14: 22157.08 | PO14: 21547.32 | PP14: 10901.84 | PQ14: 12079.18 | PR14: 16054.22 | PS14: 7904.12 | PT14: 10402.27 | PU14: 4965.41 | PV14: 6336.27 | PW14: 10193.68 | PX14: 21327.02 | PY14: 19163.08 | PZ14: 19865.99 | QA14: 17946.82 | QB14: 14924.16 | QC14: 10452.01 | QD14: 14368.56 | QE14: 19095.1 | QF14: 17843 | QG14: 15684.11 | QH14: 18112.45 | QI14: 14706.06 | QJ14: 13709.46 | QK14: 20816.9 | QL14: 19500.43 | QM14: 19123.88 | QN14: 18294.94 | QO14: 9681.07 | QP14: 16119.01 | QQ14: 14021.34 | QR14: 15937.41 | QS14: 15822.64 | QT14: 14579.47 | QU14: 16680.88 | QV14: 9890.78 | QW14: 11314.2 | QX14: 14541.36 | QY14: 13392.08 | QZ14: 15933.79 | RA14: 18562.23 | RB14: 15137.1 | RC14: 17122.04 | RD14: 17265.57 | RE14: 17267.36 | RF14: 17630.91 | RG14: 11824.83 | RH14: 16798.68 | RI14: 18526.11 | RJ14: 17998.6 | RK14: 15213.18 | RL14: 16722.92 | RM14: 14417.59 | RN14: 9869.22 | RO14: 9720.19 | RP14: 5470.47 | RQ14: 7793.24 | RR14: 8667.21 | RS14: 8176.07 | RT14: 8768.39 | RU14: 9470.25 | RV14: 10423.29 | RW14: 8184.39 | RX14: 7334.2 | RY14: 7911.62 | RZ14: 7876.35 | SA14: 6507.58 | SB14: 6405.37 | SC14: 1988.65 | SD14: 8320.84 | SE14: 8907.09 | SF14: 7568.52 | SG14: 6821.31 | SH14: 2406.03 | SI14: 5734.56 | SJ14: 3005.88 | SK14: 3457.16 | SL14: 3129.59 | SM14: 3299.07 | SN14: 8263.45 | SO14: 8191.4 | SP14: 7247.43 | SQ14: 7017.01 | SR14: 5213.7 | SS14: 10107.15 | ST14: 12529.08 | SU14: 15890.72 | SV14: 16009.23 | SW14: 14731.63 | SX14: 15005.02 | SY14: 14622.04 | SZ14: 15698.34 | TA14: 15601.18 | TB14: 15324.98 | TC14: 11963.06 | TD14: 12513.83 | TE14: 12184 | TF14: 13422.8 | TG14: 12552.29 | TH14: 10508.65 | TI14: 5778.35 | TJ14: 5309.99 | TK14: 4728.09 | TL14: 3107.13 | TM14: 2623.1 | TN14: 5607.22 | TO14: 16159.26 | TP14: 16609.23 | TQ14: 15819.39 | TR14: 4747.18 | TS14: 16318.04 | TT14: 15462 | TU14: 2820.81 | TV14: 1271.65 | TW14: 3509.24 | TX14: 11734.79 | TY14: 15098.6 | TZ14: 15662.49 | UA14: 14913.7 | UB14: 15086.89 | UC14: 15678.05 | UD14: 15362.5 | UE14: 13448.65 | UF14: 11647.41 | UG14: 9976.95 | UH14: 9983.78 | UI14: 12012.8 | UJ14: 10993.62 | UK14: 12801.48 | UL14: 12610.01 | UM14: 9018.65 | UN14: 7062.06 | UO14: 13144.04 | UP14: 13688.29 | UQ14: 13292.9 | UR14: 13458.84 | US14: 13388.74 | UT14: 13867.83 | UU14: 13400.17 | UV14: 13261.67 | UW14: 12791.32 | UX14: 12780.54 | UY14: 2059.41 | UZ14: =SUM(KU14:LX14) -> 527533.45 | VA14: =SUM(LY14:NC14) -> 501806.72 | VB14: =SUM(ND14:OH14) -> 488131.41 | VC14: =SUM(GerDiaria[[#This Row],[01/02/2026]:[28/02/2026]]) -> 401762.53 | VD14: =SUM(GerDiaria[[#This Row],[01/03/2026]:[31/03/2026]]) -> 494069.09 | VE14: =SUM(GerDiaria[[#This Row],[01/04/2026]:[30/04/2026]]) -> 422416.48 | VF14: ok | VG14: O&M full
A15: UFV Ipixuna 1 1 | B15: UFV Ipixuna 1 1 | JP15: 5898.2 | JQ15: 6771.3 | JR15: 6103.2 | JS15: 5141.4 | JT15: 7421.7 | JU15: 6107.9 | JV15: 5851.5 | JW15: 5652.4 | JX15: 5512.4 | JY15: 5344.6 | JZ15: 5828.3 | KA15: 5592.3 | KB15: 6110.9 | KC15: 5698.3 | KD15: 6704.8 | KE15: 6068.4 | KF15: 5426.1 | KG15: 5026.9 | KH15: 5739.4 | KI15: 5426.9 | KJ15: 5617.4 | KK15: 6535.3 | KL15: 6027 | KM15: 6986.9 | KN15: 6102.7 | KO15: 3822.2 | KP15: 6076.8 | KQ15: 6283.9 | KR15: 5706.5 | KS15: 6125.8 | KT15: 4918 | KU15: 5484.3 | KV15: 3932.4 | KW15: 6428.3 | KX15: 6548.5 | KY15: 5267.8 | KZ15: 5235.5 | LA15: 6777.6 | LB15: 3805.9 | LC15: 0 | LD15: 0 | LE15: 0 | LF15: 0 | LG15: 1379.7 | LH15: 6070.4 | LI15: 6765.9 | LJ15: 6766 | LK15: 7198.2 | LL15: 6109.8 | LM15: 5011.3 | LN15: 5553.8 | LO15: 6128.7 | LP15: 6299.8 | LQ15: 5740 | LR15: 5959.5 | LS15: 5329.3 | LT15: 5429.9 | LU15: 4858.6 | LV15: 5973.3 | LW15: 2932.9 | LX15: 5583.2 | LY15: 6226.6 | LZ15: 5795.9 | MA15: 6603.9 | MB15: 5735.9 | MC15: 5323 | MD15: 3122.8 | ME15: 0 | MF15: 1662.1 | MG15: 4815.8 | MH15: 5877.6 | MI15: 5968.7 | MJ15: 4619.7 | MK15: 3196.3 | ML15: 5140.6 | MM15: 5803.6 | MN15: 5794 | MO15: 6495.7 | MP15: 5765.2 | MQ15: 3539.5 | MR15: 6252.8 | MS15: 3380.3 | MT15: 4438.5 | MU15: 4456.1 | MV15: 4902.6 | MW15: 2410.2 | MX15: 3561.9 | MY15: 0 | MZ15: 3617.2 | NA15: 2853.4 | NB15: 4108.5 | NC15: 5476.6 | ND15: 6253.2 | NE15: 6062.3 | NF15: 5597.3 | NG15: 4582 | NH15: 7074.4 | NI15: 5503.3 | NJ15: 4950.6 | NK15: 5251.6 | NL15: 6028 | NM15: 5126.1 | NN15: 6457 | NO15: 5028.1 | NP15: 5569.3 | NQ15: 4812 | NR15: 5675.3 | NS15: 5810.7 | NT15: 5611.6 | NU15: 3703.8 | NV15: 4139 | NW15: 4701 | NX15: 6452.9 | NY15: 3705.2 | NZ15: 4650.4 | OA15: 4876 | OB15: 6345.6 | OC15: 4812.2 | OD15: 3741.6 | OE15: 5776 | OF15: 5441 | OG15: 5966 | OH15: 6549.1 | OI15: 6637.4 | OJ15: 5319.6 | OK15: 6438.4 | OL15: 5692.5 | OM15: 5449.8 | ON15: 4098.6 | OO15: 3099.5 | OP15: 3274.1 | OQ15: 5400.1 | OR15: 5071.6 | OS15: 3904.3 | OT15: 4283 | OU15: 5220.5 | OV15: 4820.6 | OW15: 4694 | OX15: 4214.5 | OY15: 3392.7 | OZ15: 3820.6 | PA15: 4716.3 | PB15: 4652.8 | PC15: 4960.6 | PD15: 4697.4 | PE15: 4809.4 | PF15: 4138.4 | PG15: 2895.5 | PH15: 3633 | PI15: 3527.3 | PJ15: 1841.5 | PK15: 5547.6 | PL15: 3876 | PM15: 3422.8 | PN15: 3754 | PO15: 1880.3 | PP15: 4019.6 | PQ15: 5194.1 | PR15: 4114 | PS15: 6266.6 | PT15: 4387 | PU15: 4495.4 | PV15: 4412.6 | PW15: 5457.3 | PX15: 4935.8 | PY15: 5417.7 | PZ15: 4588.9 | QA15: 2679.3 | QB15: 3796.7 | QC15: 4887.3 | QD15: 3932.9 | QE15: 5148.3 | QF15: 5835 | QG15: 4816 | QH15: 4478.5 | QI15: 6548.2 | QJ15: 4085.2 | QK15: 5508.3 | QL15: 4983.6 | QM15: 2786.1 | QN15: 6654 | QO15: 3828.5 | QP15: 4027.1 | QQ15: 3607 | QR15: 1594.3 | QS15: 0 | QT15: 3118 | QU15: 4105.9 | QV15: 5655.7 | QW15: 3855.6 | QX15: 4034.4 | QY15: 3510.7 | QZ15: 4610.1 | RA15: 4784.2 | RB15: 4836.8 | RC15: 4930.5 | RD15: 5740.9 | RE15: 5212.9 | RF15: 5353.9 | RG15: 4741 | RH15: 2639.2 | RI15: 5871.7 | RJ15: 3913.8 | RK15: 4674.4 | RL15: 3813.3 | RM15: 4159.8 | RN15: 4196.6 | RO15: 5886.1 | RP15: 3831 | RQ15: 6154.1 | RR15: 5101 | RS15: 1838.6 | RT15: 4669.5 | RU15: 4964.4 | RV15: 3246.2 | RW15: 5489.4 | RX15: 3530.9 | RY15: 5797.3 | RZ15: 4959.8 | SA15: 0 | SB15: 722 | SC15: 0 | SD15: 3396.1 | SE15: 4551.5 | SF15: 3443.1 | SG15: 4102 | SH15: 5396.9 | SI15: 5321.4 | SJ15: 5909.7 | SK15: 4733.1 | SL15: 5410.6 | SM15: 4019.4 | SN15: 5455.3 | SO15: 6437.5 | SP15: 3876.4 | SQ15: 3559.7 | SR15: 3970.1 | SS15: 6506.5 | ST15: 4903.3 | SU15: 4753.9 | SV15: 4227.5 | SW15: 3726.2 | SX15: 4947.2 | SY15: 4642.1 | SZ15: 3990.3 | TA15: 5634.1 | TB15: 5674.8 | TC15: 6186.5 | TD15: 4933.5 | TE15: 4831.6 | TF15: 4154.9 | TG15: 52.7 | TH15: 757 | TI15: 0 | TJ15: 0 | TK15: 4241.6 | TL15: 0 | TM15: 0 | TN15: 3307.7 | TO15: 4484.9 | TP15: 6349.5 | TQ15: 4201.4 | TR15: 4829 | TS15: 3915.8 | TT15: 5949.5 | TU15: 3645 | TV15: 4129.9 | TW15: 6089.7 | TX15: 5289.1 | TY15: 3806.2 | TZ15: 4179.5 | UA15: 3519.7 | UB15: 5216.7 | UC15: 5913.5 | UD15: 5686.1 | UE15: 5508.6 | UF15: 5612.5 | UG15: 4852.9 | UH15: 5804.2 | UI15: 6320.7 | UJ15: 6118.6 | UK15: 5529.9 | UL15: 4665.5 | UM15: 5424.2 | UN15: 5019.8 | UO15: 4104.9 | UP15: 3486.9 | UQ15: 5461 | UR15: 2224.9 | US15: 4335.5 | UT15: 5276.8 | UU15: 5886.3 | UV15: 4923.4 | UW15: 4865.2 | UX15: 2648.2 | UY15: =SUM(JP15:KT15) -> 181629.4 | UZ15: =SUM(KU15:LX15) -> 142570.6 | VA15: =SUM(LY15:NC15) -> 136945 | VB15: =SUM(ND15:OH15) -> 166252.6 | VC15: =SUM(GerDiaria[[#This Row],[01/02/2026]:[28/02/2026]]) -> 124704 | VD15: =SUM(GerDiaria[[#This Row],[01/03/2026]:[31/03/2026]]) -> 141737.6 | VE15: =SUM(GerDiaria[[#This Row],[01/04/2026]:[30/04/2026]]) -> 125798.6 | VG15: O&M full
A16: UFV Ipixuna 2 1 | B16: UFV Ipixuna 2 1 | JP16: 8999 | JQ16: 10169.9 | JR16: 9332.5 | JS16: 7729.7 | JT16: 11089.3 | JU16: 9185.6 | JV16: 8268.6 | JW16: 8550.5 | JX16: 8377.1 | JY16: 8314.2 | JZ16: 8976.3 | KA16: 8484.9 | KB16: 9471 | KC16: 8558.5 | KD16: 10227.4 | KE16: 9269 | KF16: 8378.2 | KG16: 7679.6 | KH16: 8856.1 | KI16: 8383.9 | KJ16: 8679 | KK16: 10154 | KL16: 9042.8 | KM16: 10716.2 | KN16: 9728.3 | KO16: 10135.9 | KP16: 10312.3 | KQ16: 9900.2 | KR16: 9161.9 | KS16: 9937.6 | KT16: 7820.1 | KU16: 8581.8 | KV16: 6200.6 | KW16: 9738.1 | KX16: 9270.8 | KY16: 8596.9 | KZ16: 8458.3 | LA16: 10679.2 | LB16: 10892.7 | LC16: 8706.7 | LD16: 8151.8 | LE16: 9081.7 | LF16: 8632.4 | LG16: 9950.7 | LH16: 9533.7 | LI16: 10611.3 | LJ16: 10626.7 | LK16: 11273 | LL16: 9521.6 | LM16: 8152.1 | LN16: 8603.4 | LO16: 9450 | LP16: 9715.2 | LQ16: 8926.8 | LR16: 9369.8 | LS16: 8327.9 | LT16: 8383.4 | LU16: 7445.5 | LV16: 9175 | LW16: 4525.6 | LX16: 8762.3 | LY16: 9332.2 | LZ16: 9109.7 | MA16: 10164.5 | MB16: 8808.7 | MC16: 8126.3 | MD16: 7152.2 | ME16: 7665.3 | MF16: 7905 | MG16: 7519.6 | MH16: 8915 | MI16: 9297 | MJ16: 7084.3 | MK16: 4927.3 | ML16: 8072.5 | MM16: 8968.2 | MN16: 8934.4 | MO16: 10044.7 | MP16: 8991.4 | MQ16: 5530.8 | MR16: 9682.5 | MS16: 5335.9 | MT16: 7011.8 | MU16: 6963.4 | MV16: 7699.4 | MW16: 0 | MX16: 5859.6 | MY16: 0 | MZ16: 5531.9 | NA16: 4399.9 | NB16: 6348.4 | NC16: 8401.4 | ND16: 9595.8 | NE16: 9178.4 | NF16: 8557.7 | NG16: 7108.5 | NH16: 10816.5 | NI16: 8249.3 | NJ16: 8304.2 | NK16: 8088.7 | NL16: 9201.1 | NM16: 7932.3 | NN16: 9896.7 | NO16: 7612.8 | NP16: 8784 | NQ16: 7244.2 | NR16: 8613.2 | NS16: 8739.4 | NT16: 8537.3 | NU16: 5858.7 | NV16: 6215.1 | NW16: 7151.3 | NX16: 4904.9 | NY16: 5732.2 | NZ16: 6663 | OA16: 7075.3 | OB16: 9176.1 | OC16: 6918.5 | OD16: 5573.8 | OE16: 8194.3 | OF16: 7541.5 | OG16: 7915.4 | OH16: 8450.9 | OI16: 8126.3 | OJ16: 7283.7 | OK16: 9024.1 | OL16: 8841.2 | OM16: 7961.5 | ON16: 6186.4 | OO16: 4709.8 | OP16: 5096.3 | OQ16: 8164.2 | OR16: 7968 | OS16: 5850.1 | OT16: 6522.5 | OU16: 7829.8 | OV16: 7585.5 | OW16: 6872.7 | OX16: 6428.1 | OY16: 5329.8 | OZ16: 5854 | PA16: 6943.7 | PB16: 7104.6 | PC16: 7415.8 | PD16: 6987.5 | PE16: 7231.1 | PF16: 6208.2 | PG16: 4559 | PH16: 7252.6 | PI16: 5382.4 | PJ16: 2881.2 | PK16: 8254.6 | PL16: 6050 | PM16: 5146 | PN16: 5741.6 | PO16: 2868.9 | PP16: 6177 | PQ16: 8192.5 | PR16: 6307.4 | PS16: 9287.9 | PT16: 6516.8 | PU16: 6854.8 | PV16: 6822.8 | PW16: 8395.2 | PX16: 7475.6 | PY16: 8251.5 | PZ16: 7559.7 | QA16: 4221.6 | QB16: 5830.8 | QC16: 7469.7 | QD16: 6775.2 | QE16: 7838.4 | QF16: 8886.7 | QG16: 7519.7 | QH16: 6999.4 | QI16: 10070.7 | QJ16: 5249.9 | QK16: 8384.9 | QL16: 7543.2 | QM16: 4352.5 | QN16: 9931.5 | QO16: 6125.4 | QP16: 6199.7 | QQ16: 5551.7 | QR16: 2388.9 | QS16: 0 | QT16: 4808 | QU16: 6345 | QV16: 9124.7 | QW16: 6183.1 | QX16: 7214.7 | QY16: 7341.4 | QZ16: 7238.3 | RA16: 7363.5 | RB16: 7189.3 | RC16: 7698 | RD16: 9041.1 | RE16: 8163 | RF16: 9107.2 | RG16: 7289.5 | RH16: 4180.3 | RI16: 9124.3 | RJ16: 6162.9 | RK16: 7359.4 | RL16: 5757 | RM16: 6277.4 | RN16: 6673 | RO16: 9292.2 | RP16: 5866.1 | RQ16: 9893.6 | RR16: 7845.8 | RS16: 2917.6 | RT16: 7314.4 | RU16: 7722.2 | RV16: 5028.9 | RW16: 8447.2 | RX16: 5510.3 | RY16: 8859.4 | RZ16: 7522.9 | SA16: 0 | SB16: 0 | SC16: 0 | SD16: 470.7 | SE16: 6866.7 | SF16: 5394.7 | SG16: 6204.8 | SH16: 8265.7 | SI16: 6961.9 | SJ16: 9439.8 | SK16: 7288.6 | SL16: 8090.7 | SM16: 6136.1 | SN16: 8618.9 | SO16: 9774.7 | SP16: 6150.1 | SQ16: 5600.1 | SR16: 6019.6 | SS16: 10070.5 | ST16: 7669.4 | SU16: 7625.4 | SV16: 6484.1 | SW16: 6119.2 | SX16: 7871.9 | SY16: 7168.5 | SZ16: 6430 | TA16: 9033.9 | TB16: 9222.8 | TC16: 9513.1 | TD16: 7657 | TE16: 7478.3 | TF16: 6443.1 | TG16: 5211.7 | TH16: 8195.9 | TI16: 7735.8 | TJ16: 9393.7 | TK16: 9500.1 | TL16: 8470.1 | TM16: 9250 | TN16: 7582.1 | TO16: 7541 | TP16: 8693.3 | TQ16: 7965.2 | TR16: 5631.2 | TS16: 5209.1 | TT16: 9425.2 | TU16: 6054.6 | TV16: 6478 | TW16: 9665.5 | TX16: 8357.2 | TY16: 5739.4 | TZ16: 6611 | UA16: 5311.8 | UB16: 8082.6 | UC16: 9184.8 | UD16: 9399 | UE16: 8931.1 | UF16: 8722.8 | UG16: 7291.1 | UH16: 8549.9 | UI16: 9723.8 | UJ16: 9576.5 | UK16: 8958.8 | UL16: 7172 | UM16: 8052.8 | UN16: 7970 | UO16: 6569.4 | UP16: 5616.3 | UQ16: 8363.5 | UR16: 3405.8 | US16: 6707.5 | UT16: 9168.1 | UU16: 10190.4 | UV16: 8533.5 | UW16: 8617.5 | UX16: 4724.6 | UY16: =SUM(JP16:KT16) -> 283889.6 | UZ16: =SUM(KU16:LX16) -> 269345 | VA16: =SUM(LY16:NC16) -> 223783.3 | VB16: =SUM(ND16:OH16) -> 243831.1 | VC16: =SUM(GerDiaria[[#This Row],[01/02/2026]:[28/02/2026]]) -> 187600.1 | VD16: =SUM(GerDiaria[[#This Row],[01/03/2026]:[31/03/2026]]) -> 217101.9 | VE16: =SUM(GerDiaria[[#This Row],[01/04/2026]:[30/04/2026]]) -> 199596.7 | VG16: Em implantação
A17: UFV Marajoara 1 1 | B17: UFV Marajoara 1 1 | JP17: 21638.11 | JQ17: 13886.11 | JR17: 17402.27 | JS17: 14198.99 | JT17: 23318.7 | JU17: 20891.46 | JV17: 15749.69 | JW17: 3772.59 | JX17: 8322.28 | JY17: 8960.68 | JZ17: 14119.25 | KA17: 17453.55 | KB17: 10416.07 | KC17: 19347.18 | KD17: 10526.38 | KE17: 19864.31 | KF17: 19162.26 | KG17: 7110.64 | KH17: 8379.13 | KI17: 11325.2 | KJ17: 20756.27 | KK17: 25120.22 | KL17: 24937.12 | KM17: 23501.38 | KN17: 25034.1 | KO17: 21993.26 | KP17: 8517.2 | KQ17: 7137.06 | KR17: 9295.01 | KS17: 4484.21 | KT17: 8250.01 | KU17: 17741.4 | KV17: 1907.14 | KW17: 15040.93 | KX17: 17528.48 | KY17: 15028.8 | KZ17: 10428.67 | LA17: 20549.38 | LB17: 5588.61 | LC17: 13685.43 | LD17: 15947.19 | LE17: 22977.04 | LF17: 25080.69 | LG17: 17143.37 | LH17: 13863.61 | LI17: 8281.3 | LJ17: 6243.88 | LK17: 9729.24 | LL17: 12581.02 | LM17: 20144.78 | LN17: 21817.1 | LO17: 25512.57 | LP17: 17653.63 | LQ17: 10002.47 | LR17: 6926.78 | LS17: 17787.9 | LT17: 22401.38 | LU17: 20299.46 | LV17: 22139.7 | LW17: 23478.26 | LX17: 26176.17 | LY17: 20691.96 | LZ17: 12158.67 | MA17: 19997.72 | MB17: 13406.3 | MC17: 22361.6 | MD17: 24006.39 | ME17: 21214.98 | MF17: 15643.67 | MG17: 4544.81 | MH17: 14805.58 | MI17: 23175.1 | MJ17: 18126.5 | MK17: 10510.88 | ML17: 10112.38 | MM17: 19785.53 | MN17: 15844.34 | MO17: 5442.34 | MP17: 13059.86 | MQ17: 9070.45 | MR17: 19281.16 | MS17: 24569.83 | MT17: 24988.07 | MU17: 23976.11 | MV17: 22149.02 | MW17: 22377.39 | MX17: 20640.76 | MY17: 19403.67 | MZ17: 22703.06 | NA17: 18515.51 | NB17: 20181.49 | NC17: 14638.85 | ND17: 17378.73 | NE17: 14817.3 | NF17: 20548.34 | NG17: 19298.87 | NH17: 6247.38 | NI17: 19751.52 | NJ17: 16811.64 | NK17: 15175.18 | NL17: 20457.55 | NM17: 25323.68 | NN17: 23715.82 | NO17: 25080.41 | NP17: 14057.52 | NQ17: 18726.38 | NR17: 13176.52 | NS17: 14066.87 | NT17: 10149.08 | NU17: 12671.83 | NV17: 13746.38 | NW17: 6260.27 | NX17: 7405.62 | NY17: 6289.92 | NZ17: 11910.75 | OA17: 6848.22 | OB17: 12059.8 | OC17: 19247.18 | OD17: 15035.95 | OE17: 12762.08 | OF17: 14472.96 | OG17: 10611.51 | OH17: 18159.7 | OI17: 13350.24 | OJ17: 10027.13 | OK17: 9316.93 | OL17: 12631.09 | OM17: 12564.27 | ON17: 15770.35 | OO17: 9502.24 | OP17: 12768.04 | OQ17: 5841.57 | OR17: 13247.64 | OS17: 7629.76 | OT17: 14063.74 | OU17: 19338.82 | OV17: 15144.25 | OW17: 20936.93 | OX17: 20192.09 | OY17: 16769.28 | OZ17: 14661.78 | PA17: 17530.39 | PB17: 17840.76 | PC17: 14292.76 | PD17: 13437.87 | PE17: 8732.07 | PF17: 10563.32 | PG17: 11214.51 | PH17: 10068.09 | PI17: 4547.43 | PJ17: 12353.3 | PK17: 11992.22 | PL17: 13026.89 | PM17: 11783.63 | PN17: 14306.92 | PO17: 18219.23 | PP17: 7686.06 | PQ17: 5363.06 | PR17: 16366.09 | PS17: 7358.52 | PT17: 6742.77 | PU17: 6469.23 | PV17: 4635.34 | PW17: 6048.16 | PX17: 16299.98 | PY17: 17164 | PZ17: 21595.82 | QA17: 20075.22 | QB17: 15962.96 | QC17: 5101.59 | QD17: 15257.13 | QE17: 16819.9 | QF17: 18435.6 | QG17: 19313.54 | QH17: 18281.17 | QI17: 16041.18 | QJ17: 17581.47 | QK17: 19586.8 | QL17: 20015.32 | QM17: 17132.21 | QN17: 14013.16 | QO17: 6182.72 | QP17: 17116.2 | QQ17: 12757.33 | QR17: 12524.03 | QS17: 14304.63 | QT17: 12758.18 | QU17: 14022.99 | QV17: 15704.41 | QW17: 9249.26 | QX17: 13255.74 | QY17: 3459.88 | QZ17: 13860.58 | RA17: 20725.57 | RB17: 17138.71 | RC17: 16355.26 | RD17: 19602.19 | RE17: 18123.5 | RF17: 15902.4 | RG17: 14270.51 | RH17: 19365.06 | RI17: 19037.37 | RJ17: 18345.04 | RK17: 16623.92 | RL17: 17689.1 | RM17: 18183.3 | RN17: 17596.17 | RO17: 17382.62 | RP17: 11268.91 | RQ17: 8255.63 | RR17: 12864.39 | RS17: 15359.12 | RT17: 14508.2 | RU17: 14599.92 | RV17: 4467.27 | RW17: 15303.4 | RX17: 17628.15 | RY17: 17462.03 | RZ17: 17370.44 | SA17: 14890.69 | SB17: 10150.6 | SC17: 7006.02 | SD17: 10058.79 | SE17: 12651.08 | SF17: 11918.69 | SG17: 11490.46 | SH17: 3074.73 | SI17: 10488.5 | SJ17: 6941 | SK17: 4212.66 | SL17: 4512.94 | SM17: 5891.07 | SN17: 6117.64 | SO17: 6089.68 | SP17: 7995.6 | SQ17: 7884.01 | SR17: 7067.82 | SS17: 10985.66 | ST17: 8844.17 | SU17: 17025.02 | SV17: 4342.24 | SW17: 11946.34 | SX17: 12685.82 | SY17: 4798.22 | SZ17: 8684.18 | TA17: 11318.05 | TB17: 10019.96 | TC17: 15975.78 | TD17: 14379.39 | TE17: 14607.88 | TF17: 16037.46 | TG17: 14068.5 | TH17: 12059.28 | TI17: 4630.58 | TJ17: 3996.74 | TK17: 9634.58 | TL17: 8027.66 | TM17: 3432.77 | TN17: 9289.63 | TO17: 14088.31 | TP17: 14184.92 | TQ17: 15778.84 | TR17: 11364.47 | TS17: 15968.47 | TT17: 15512.55 | TU17: 3014.97 | TV17: 1284.4 | TW17: 2637.55 | TX17: 9905.71 | TY17: 10072.63 | TZ17: 11891.29 | UA17: 15059.9 | UB17: 12350.38 | UC17: 15492.73 | UD17: 14601.57 | UE17: 14567.54 | UF17: 7903.09 | UG17: 9881.21 | UH17: 11365.09 | UI17: 7011.33 | UJ17: 14219.27 | UK17: 11955.71 | UL17: 11418.14 | UM17: 15413.29 | UN17: 7657.91 | UO17: 11063.67 | UP17: 16673.94 | UQ17: 16619.79 | UR17: 17487.67 | US17: 17342.55 | UT17: 17442.5 | UU17: 17524.45 | UV17: 17276.05 | UW17: 17266.92 | UX17: 15873.06 | UY17: =SUM(JP17:KT17) -> 464870.69 | UZ17: =SUM(KU17:LX17) -> 483686.38 | VA17: =SUM(LY17:NC17) -> 547383.98 | VB17: =SUM(ND17:OH17) -> 462264.96 | VC17: =SUM(GerDiaria[[#This Row],[01/02/2026]:[28/02/2026]]) -> 364336.65 | VD17: =SUM(GerDiaria[[#This Row],[01/03/2026]:[31/03/2026]]) -> 424857.89 | VE17: =SUM(GerDiaria[[#This Row],[01/04/2026]:[30/04/2026]]) -> 453102 | VG17: O&M full
A18: UFV Piracicaba 1 1 | B18: UFV Piracicaba 1 1 | JP18: 17551.74 | JQ18: 16861.54 | JR18: 15115.44 | JS18: 9736.44 | JT18: 20904.78 | JU18: 14547.36 | JV18: 9024.56 | JW18: 10387.69 | JX18: 13279.79 | JY18: 9503.46 | JZ18: 0 | KA18: 0 | KB18: 0 | KC18: 2552.13 | KD18: 20963.55 | KE18: 21163.33 | KF18: 17172.4 | KG18: 3057.44 | KH18: 513.59 | KI18: 23981.92 | KJ18: 24228.62 | KK18: 24022.54 | KL18: 23981.43 | KM18: 23583.64 | KN18: 21263.85 | KO18: 18756.01 | KP18: 2628.2 | KQ18: 7899.86 | KR18: 7250.71 | KS18: 7078.48 | KT18: 3463.41 | KU18: 17025.26 | KV18: 3143.33 | KW18: 14245.3 | KX18: 18667.22 | KY18: 10472.33 | KZ18: 15366.31 | LA18: 23152.03 | LB18: 2041.07 | LC18: 20998.58 | LD18: 23413.51 | LE18: 22875.6 | LF18: 23314.62 | LG18: 9141.89 | LH18: 14640.37 | LI18: 17811.84 | LJ18: 6254.91 | LK18: 9784.83 | LL18: 12054.46 | LM18: 23952.71 | LN18: 24414.24 | LO18: 23195.62 | LP18: 17524.05 | LQ18: 17479.52 | LR18: 7773.66 | LS18: 21273.39 | LT18: 24001.38 | LU18: 22354.2 | LV18: 21468.46 | LW18: 22390.56 | LX18: 22459.06 | LY18: 16382.91 | LZ18: 12544.43 | MA18: 14540.9 | MB18: 21585.07 | MC18: 22834.45 | MD18: 16788.8 | ME18: 15390.9 | MF18: 16356.31 | MG18: 2540.89 | MH18: 11319.48 | MI18: 22006.75 | MJ18: 8891.82 | MK18: 10019.24 | ML18: 8141.2 | MM18: 19065.21 | MN18: 11922.24 | MO18: 15263.52 | MP18: 9418.85 | MQ18: 14418.42 | MR18: 16498.49 | MS18: 24915.56 | MT18: 24781.53 | MU18: 22614.94 | MV18: 23883.13 | MW18: 20908.39 | MX18: 18821.09 | MY18: 22690.69 | MZ18: 22166.86 | NA18: 22653.19 | NB18: 22626.89 | NC18: 14255.36 | ND18: 18667.38 | NE18: 9902.13 | NF18: 18327.24 | NG18: 18187.77 | NH18: 14724.47 | NI18: 17172.37 | NJ18: 19242.88 | NK18: 20721.88 | NL18: 19396.55 | NM18: 21694.01 | NN18: 20175.65 | NO18: 12868.43 | NP18: 13416.63 | NQ18: 13274.63 | NR18: 12944.81 | NS18: 12712.12 | NT18: 16755.46 | NU18: 8619.26 | NV18: 10930.53 | NW18: 14495.12 | NX18: 13532.28 | NY18: 11616.55 | NZ18: 14205.69 | OA18: 15055.18 | OB18: 14521.3 | OC18: 22523.24 | OD18: 14277.97 | OE18: 12103.1 | OF18: 13654.79 | OG18: 6623.09 | OH18: 10829.76 | OI18: 5592.14 | OJ18: 7146.15 | OK18: 8351.44 | OL18: 8872.08 | OM18: 18157.64 | ON18: 16785.14 | OO18: 11392.3 | OP18: 12244.65 | OQ18: 5922.61 | OR18: 7521.19 | OS18: 9406.86 | OT18: 18926.98 | OU18: 18774.83 | OV18: 12186.78 | OW18: 21718.56 | OX18: 20598.72 | OY18: 18316.61 | OZ18: 14443.6 | PA18: 20403 | PB18: 20703.76 | PC18: 13074 | PD18: 18442.44 | PE18: 11500.55 | PF18: 10651.71 | PG18: 10446.06 | PH18: 10649.71 | PI18: 10709.59 | PJ18: 12976.88 | PK18: 19937.02 | PL18: 20546.75 | PM18: 21281.03 | PN18: 20453.4 | PO18: 17097.55 | PP18: 9459.78 | PQ18: 11926.95 | PR18: 17839.69 | PS18: 3582.94 | PT18: 4692.48 | PU18: 4183.79 | PV18: 593.67 | PW18: 9605.05 | PX18: 19086.75 | PY18: 19283.24 | PZ18: 18605.59 | QA18: 17521.8 | QB18: 10898.07 | QC18: 8299.89 | QD18: 14422.62 | QE18: 18842.98 | QF18: 16941.7 | QG18: 17799.03 | QH18: 18441.57 | QI18: 15396.48 | QJ18: 13459.53 | QK18: 17035.73 | QL18: 17152.04 | QM18: 15823.01 | QN18: 16003.41 | QO18: 9090.74 | QP18: 13009.3 | QQ18: 10033.84 | QR18: 13026.43 | QS18: 14350.31 | QT18: 13494.19 | QU18: 12843.67 | QV18: 11330.86 | QW18: 7750.4 | QX18: 13469.71 | QY18: 12421.17 | QZ18: 15200.55 | RA18: 14909.19 | RB18: 14353.33 | RC18: 15829.8 | RD18: 16700.04 | RE18: 16026.04 | RF18: 16807.89 | RG18: 8187.81 | RH18: 16468.89 | RI18: 16198.74 | RJ18: 16859 | RK18: 17018.11 | RL18: 14363.71 | RM18: 15184.1 | RN18: 15694.11 | RO18: 14964.46 | RP18: 9418.36 | RQ18: 12227.73 | RR18: 9707.79 | RS18: 14159.36 | RT18: 14461.06 | RU18: 13492.14 | RV18: 12125.64 | RW18: 11886.32 | RX18: 14926.36 | RY18: 14726.12 | RZ18: 15466.81 | SA18: 10140.97 | SB18: 8492.51 | SC18: 2223.84 | SD18: 10823.35 | SE18: 14009.31 | SF18: 14788.74 | SG18: 12173.97 | SH18: 2128.01 | SI18: 10184.79 | SJ18: 1838.89 | SK18: 5931.29 | SL18: 9524.15 | SM18: 6496.11 | SN18: 11020.85 | SO18: 10577.83 | SP18: 3509.76 | SQ18: 5557.3 | SR18: 9300.04 | SS18: 9708.5 | ST18: 11143.45 | SU18: 14238.77 | SV18: 13257.62 | SW18: 11672.06 | SX18: 13069.95 | SY18: 8251.38 | SZ18: 12964.8 | TA18: 13497.8 | TB18: 9176.38 | TC18: 13606.71 | TD18: 13304.99 | TE18: 13319.37 | TF18: 13102.08 | TG18: 11131.39 | TH18: 7597.75 | TI18: 5563.68 | TJ18: 3504.86 | TK18: 6685.01 | TL18: 4224.41 | TM18: 3255.64 | TN18: 7093.96 | TO18: 9272.45 | TP18: 14244.79 | TQ18: 13609.27 | TR18: 3389.2 | TS18: 11943.68 | TT18: 13235.26 | TU18: 3068.61 | TV18: 1091.82 | TW18: 2495.13 | TX18: 5707.83 | TY18: 10461.79 | TZ18: 12847.87 | UA18: 11200.84 | UB18: 12817.89 | UC18: 13265.09 | UD18: 13282.87 | UE18: 12306.29 | UF18: 11177.67 | UG18: 7274.93 | UH18: 10022.71 | UI18: 11416.86 | UJ18: 7747.34 | UK18: 11874.03 | UL18: 13008.26 | UM18: 11676.71 | UN18: 6678.92 | UO18: 11158.75 | UP18: 14715.6 | UQ18: 14688.32 | UR18: 14239.02 | US18: 14647.52 | UT18: 14883.82 | UU18: 14610.44 | UV18: 14426.02 | UW18: 14332.34 | UX18: 11206.21 | UY18: =SUM(JP18:KT18) -> 390473.91 | UZ18: =SUM(KU18:LX18) -> 512690.31 | VA18: =SUM(LY18:NC18) -> 526247.51 | VB18: =SUM(ND18:OH18) -> 463172.27 | VC18: =SUM(GerDiaria[[#This Row],[01/02/2026]:[28/02/2026]]) -> 375915.98 | VD18: =SUM(GerDiaria[[#This Row],[01/03/2026]:[31/03/2026]]) -> 445304.28 | VE18: =SUM(GerDiaria[[#This Row],[01/04/2026]:[30/04/2026]]) -> 412008.89 | VG18: O&M full
A19: UFV Salto Pirapora 3 1 | B19: UFV Salto Pirapora 3 1 | JP19: 4861.13 | JQ19: 3899.12 | JR19: 7480.11 | JS19: 3862.02 | JT19: 9873.3 | JU19: 7124.52 | JV19: 3018.75 | JW19: 3568.72 | JX19: 3734.12 | JY19: 2727.75 | JZ19: 7595.74 | KA19: 5958.1 | KB19: 2595.3 | KC19: 8105.25 | KD19: 10121.35 | KE19: 10153.65 | KF19: 8072.13 | KG19: 1669.28 | KH19: 5575.34 | KI19: 8510.55 | KJ19: 10118.34 | KK19: 10483.06 | KL19: 10566.67 | KM19: 10241.46 | KN19: 9327.26 | KO19: 8405.09 | KP19: 1353.09 | KQ19: 2756.8 | KR19: 4156.3 | KS19: 3874.2 | KT19: 4954.26 | KU19: 8055.92 | KV19: 1650.14 | KW19: 4406.2 | KX19: 7894.06 | KY19: 5546.8 | KZ19: 7009.72 | LA19: 10436.96 | LB19: 5173.5 | LC19: 8837.94 | LD19: 10686.85 | LE19: 10062.58 | LF19: 10235.14 | LG19: 4740.38 | LH19: 4954.37 | LI19: 6941.79 | LJ19: 3396.43 | LK19: 4534.4 | LL19: 3809.03 | LM19: 10765.14 | LN19: 9783.13 | LO19: 10047.98 | LP19: 9218.95 | LQ19: 8273.51 | LR19: 5194.04 | LS19: 8738.77 | LT19: 10230.67 | LU19: 10114.23 | LV19: 10892.5 | LW19: 9703.28 | LX19: 10200.39 | LY19: 6525.13 | LZ19: 4919.22 | MA19: 8343.22 | MB19: 7044.15 | MC19: 9948.29 | MD19: 9499.29 | ME19: 9419.12 | MF19: 6922.43 | MG19: 1357.53 | MH19: 7283.35 | MI19: 10372.67 | MJ19: 4965.93 | MK19: 2770.5 | ML19: 4008.1 | MM19: 7131.31 | MN19: 6421.62 | MO19: 5731.99 | MP19: 5919.87 | MQ19: 8048.97 | MR19: 9508.75 | MS19: 10575.15 | MT19: 10213.26 | MU19: 8170.76 | MV19: 9756.21 | MW19: 10053.76 | MX19: 8982.46 | MY19: 10670.3 | MZ19: 9290.67 | NA19: 9901.45 | NB19: 9088.49 | NC19: 5299.42 | ND19: 5708.22 | NE19: 3912.42 | NF19: 7039.11 | NG19: 7418.31 | NH19: 7065.87 | NI19: 8404.07 | NJ19: 8533.8 | NK19: 9482.57 | NL19: 6842.05 | NM19: 8961.91 | NN19: 10014.96 | NO19: 6343.12 | NP19: 6983.64 | NQ19: 5672.49 | NR19: 5608.41 | NS19: 5197.82 | NT19: 5554.36 | NU19: 4911.53 | NV19: 2811.25 | NW19: 9854.18 | NX19: 7441.97 | NY19: 8150.17 | NZ19: 8963.31 | OA19: 9389.53 | OB19: 6867.49 | OC19: 9005.69 | OD19: 9960.58 | OE19: 7832.68 | OF19: 4017.02 | OG19: 3138.47 | OH19: 6036.63 | OI19: 3878.04 | OJ19: 2589.71 | OK19: 4551.81 | OL19: 4043.05 | OM19: 7977.79 | ON19: 9136.95 | OO19: 7482.34 | OP19: 7545.32 | OQ19: 4141.87 | OR19: 2415.17 | OS19: 3997.66 | OT19: 6100.06 | OU19: 8179.49 | OV19: 6788.83 | OW19: 9226.74 | OX19: 10066.82 | OY19: 7453.86 | OZ19: 5375.32 | PA19: 8608.65 | PB19: 8730.45 | PC19: 6797.76 | PD19: 8315.34 | PE19: 5618.7 | PF19: 6195.28 | PG19: 3703.81 | PH19: 4275 | PI19: 5795.1 | PJ19: 7781.54 | PK19: 7960.12 | PL19: 8726.46 | PM19: 9912.7 | PN19: 7733.82 | PO19: 9217.29 | PP19: 6028.17 | PQ19: 5311.21 | PR19: 7419.8 | PS19: 3151.56 | PT19: 2315.21 | PU19: 2740.24 | PV19: 1484.58 | PW19: 7669.67 | PX19: 9684.07 | PY19: 8992.3 | PZ19: 9779.39 | QA19: 8786.44 | QB19: 7413.25 | QC19: 3807.35 | QD19: 9051.3 | QE19: 8885.43 | QF19: 7784.33 | QG19: 9137.79 | QH19: 9453.21 | QI19: 6401.37 | QJ19: 8082.69 | QK19: 8473.26 | QL19: 8969.54 | QM19: 8913.98 | QN19: 7523.08 | QO19: 4206.51 | QP19: 5152.42 | QQ19: 6173.3 | QR19: 5377.06 | QS19: 5759.21 | QT19: 9262.13 | QU19: 6842.02 | QV19: 5469.78 | QW19: 4305.83 | QX19: 5234.56 | QY19: 2585.04 | QZ19: 6995.42 | RA19: 8225.35 | RB19: 7938.26 | RC19: 8417.73 | RD19: 8031.05 | RE19: 8690.84 | RF19: 8348.33 | RG19: 6744 | RH19: 8827.68 | RI19: 9036.03 | RJ19: 8760.28 | RK19: 8881.73 | RL19: 8347.54 | RM19: 8274.23 | RN19: 6833.41 | RO19: 6076.28 | RP19: 2390.04 | RQ19: 3720.74 | RR19: 3541.61 | RS19: 7952.76 | RT19: 6938.28 | RU19: 5525.02 | RV19: 3683.57 | RW19: 7336.12 | RX19: 7854.46 | RY19: 7802.35 | RZ19: 7507.59 | SA19: 3146.46 | SB19: 2512.31 | SC19: 574.15 | SD19: 6084.23 | SE19: 8337.59 | SF19: 6864.47 | SG19: 7203.84 | SH19: 1280.64 | SI19: 5424.4 | SJ19: 1147.58 | SK19: 1266.39 | SL19: 1602.44 | SM19: 3426.92 | SN19: 5223.76 | SO19: 3388.85 | SP19: 959.72 | SQ19: 3026.8 | SR19: 6402.2 | SS19: 5958.37 | ST19: 5121.21 | SU19: 7640.8 | SV19: 6155.05 | SW19: 4934.75 | SX19: 4747.17 | SY19: 6725.29 | SZ19: 6839.71 | TA19: 5964.06 | TB19: 6751.1 | TC19: 7248.32 | TD19: 7333.86 | TE19: 7271.2 | TF19: 7074.23 | TG19: 5150.86 | TH19: 4684.55 | TI19: 1512.61 | TJ19: 1060.58 | TK19: 2395.59 | TL19: 1154.49 | TM19: 1132.74 | TN19: 5780.68 | TO19: 7273.07 | TP19: 7338.99 | TQ19: 6661.65 | TR19: 970.18 | TS19: 6169.44 | TT19: 6965.68 | TU19: 769.04 | TV19: 704.26 | TW19: 1678.57 | TX19: 4652.72 | TY19: 5684.84 | TZ19: 6869.73 | UA19: 5926.15 | UB19: 6260.55 | UC19: 6682.89 | UD19: 6508.8 | UE19: 6052.26 | UF19: 5136.03 | UG19: 6313.75 | UH19: 6807 | UI19: 4659.83 | UJ19: 6729.77 | UK19: 7208.4 | UL19: 6904.68 | UM19: 6079.71 | UN19: 3559.72 | UO19: 6431.14 | UP19: 5762.48 | UQ19: 7499.83 | UR19: 7379.92 | US19: 7424.97 | UT19: 7585.29 | UU19: 7560.18 | UV19: 7313.44 | UW19: 6980.6 | UX19: 5169.73 | UY19: =SUM(JP19:KT19) -> 194742.76 | UZ19: =SUM(KU19:LX19) -> 231534.8 | VA19: =SUM(LY19:NC19) -> 238143.37 | VB19: =SUM(ND19:OH19) -> 217123.63 | VC19: =SUM(GerDiaria[[#This Row],[01/02/2026]:[28/02/2026]]) -> 176772.46 | VD19: =SUM(GerDiaria[[#This Row],[01/03/2026]:[31/03/2026]]) -> 225016.12 | VE19: =SUM(GerDiaria[[#This Row],[01/04/2026]:[30/04/2026]]) -> 202194.66 | VG19: O&M full
A20: UFV Santa Bárbara 1 1 | B20: UFV Santa Bárbara 1 1 | JP20: 17529.18 | JQ20: 19687.32 | JR20: 17235.56 | JS20: 8575.33 | JT20: 23545.5 | JU20: 18132.56 | JV20: 10670.47 | JW20: 13512.4 | JX20: 13920.65 | JY20: 8574.17 | JZ20: 17557.85 | KA20: 14818.99 | KB20: 4353.31 | KC20: 15837.54 | KD20: 22004.12 | KE20: 22570.69 | KF20: 19743.79 | KG20: 3832.68 | KH20: 12435.01 | KI20: 24569.26 | KJ20: 25559.62 | KK20: 25117.92 | KL20: 25347.37 | KM20: 25242.32 | KN20: 21786.93 | KO20: 21443.06 | KP20: 3293.44 | KQ20: 9643.49 | KR20: 12098.59 | KS20: 9844.66 | KT20: 5236.36 | KU20: 10672.85 | KV20: 1521.45 | KW20: 9656.26 | KX20: 10975.32 | KY20: 9435.99 | KZ20: 14108.38 | LA20: 15743.98 | LB20: 2915.59 | LC20: 13425.6 | LD20: 15697.14 | LE20: 20226 | LF20: 19630.41 | LG20: 7991.31 | LH20: 10241.68 | LI20: 12829.5 | LJ20: 5466.88 | LK20: 7669.17 | LL20: 9489.22 | LM20: 16683.19 | LN20: 17100.72 | LO20: 15297.95 | LP20: 12700.15 | LQ20: 11495.33 | LR20: 7284.53 | LS20: 14233.09 | LT20: 17161.32 | LU20: 16164.83 | LV20: 16600.33 | LW20: 16701.93 | LX20: 15168.4 | LY20: 12851.34 | LZ20: 8971.23 | MA20: 12828.23 | MB20: 18330.62 | MC20: 22589.74 | MD20: 21137.01 | ME20: 16380.08 | MF20: 11365.45 | MG20: 3285.99 | MH20: 16170.31 | MI20: 25542.69 | MJ20: 10740.19 | MK20: 10573.38 | ML20: 10632.59 | MM20: 16854.11 | MN20: 11352.3 | MO20: 15612.15 | MP20: 9975.73 | MQ20: 13262.4 | MR20: 18873.53 | MS20: 23243.73 | MT20: 23139.57 | MU20: 22414.24 | MV20: 19286.97 | MW20: 19231.57 | MX20: 20389.55 | MY20: 21929.44 | MZ20: 22886.34 | NA20: 22856.02 | NB20: 17421.64 | NC20: 15641.62 | ND20: 18044.1 | NE20: 11032.49 | NF20: 18658.67 | NG20: 20486.12 | NH20: 20815.25 | NI20: 16758.38 | NJ20: 20776.42 | NK20: 21296.43 | NL20: 17858.88 | NM20: 17485.27 | NN20: 17935.6 | NO20: 11894.32 | NP20: 10757.56 | NQ20: 11806.84 | NR20: 12172.55 | NS20: 12724.91 | NT20: 11938.66 | NU20: 13467.97 | NV20: 11585.8 | NW20: 13783.4 | NX20: 18086.54 | NY20: 12303.69 | NZ20: 19031.16 | OA20: 17783.33 | OB20: 17985.68 | OC20: 22899.33 | OD20: 21752.2 | OE20: 17586.99 | OF20: 18584.13 | OG20: 10782.72 | OH20: 15180.6 | OI20: 9190.55 | OJ20: 12410.34 | OK20: 12130.32 | OL20: 13104.23 | OM20: 17164.25 | ON20: 18416.06 | OO20: 13127.48 | OP20: 12805.45 | OQ20: 5555.04 | OR20: 0 | OS20: 36.23 | OT20: 17492.7 | OU20: 18742.32 | OV20: 13502.27 | OW20: 22019.69 | OX20: 20802.86 | OY20: 18506.82 | OZ20: 2484 | PA20: 20440.14 | PB20: 22045.16 | PC20: 14217.13 | PD20: 19899.45 | PE20: 10930.43 | PF20: 10605.76 | PG20: 8730.88 | PH20: 5929.19 | PI20: 14813.52 | PJ20: 19888.47 | PK20: 20618.23 | PL20: 22408.43 | PM20: 24625.17 | PN20: 23388.27 | PO20: 23279.92 | PP20: 12547.8 | PQ20: 11623.62 | PR20: 22271.93 | PS20: 4204.79 | PT20: 8122.54 | PU20: 4945.34 | PV20: 6498.63 | PW20: 11441.41 | PX20: 22021.6 | PY20: 22662.09 | PZ20: 22590.15 | QA20: 20300.32 | QB20: 12624.78 | QC20: 8594.01 | QD20: 19409.95 | QE20: 22081.84 | QF20: 20160.52 | QG20: 21632.89 | QH20: 21835.9 | QI20: 17266.52 | QJ20: 13065.36 | QK20: 20174.13 | QL20: 20517.63 | QM20: 20472.72 | QN20: 18809.84 | QO20: 10908.19 | QP20: 14906.62 | QQ20: 11172.85 | QR20: 15364.25 | QS20: 17931.62 | QT20: 17422 | QU20: 17574.01 | QV20: 13906.69 | QW20: 10734.71 | QX20: 12402.71 | QY20: 11428.82 | QZ20: 17126.78 | RA20: 18394.7 | RB20: 16296.69 | RC20: 17307.5 | RD20: 18157.76 | RE20: 18370.94 | RF20: 17661.84 | RG20: 9322.17 | RH20: 17501.36 | RI20: 18706.02 | RJ20: 18188.76 | RK20: 17620.4 | RL20: 16831.34 | RM20: 15621.08 | RN20: 15617.43 | RO20: 14420.47 | RP20: 9168.71 | RQ20: 12339.89 | RR20: 10131.27 | RS20: 14596.09 | RT20: 15865.29 | RU20: 13948.12 | RV20: 12828.67 | RW20: 13173 | RX20: 14096.92 | RY20: 15907.37 | RZ20: 15416.97 | SA20: 12107.77 | SB20: 8846.27 | SC20: 3275.05 | SD20: 12100.79 | SE20: 15972.22 | SF20: 14480.17 | SG20: 13140.9 | SH20: 2717.62 | SI20: 13951.55 | SJ20: 2426.2 | SK20: 4901.61 | SL20: 3782.55 | SM20: 6821.29 | SN20: 12347.51 | SO20: 9774.98 | SP20: 4658.8 | SQ20: 7496.46 | SR20: 8667.59 | SS20: 11739.1 | ST20: 11332.44 | SU20: 14984.07 | SV20: 14848.44 | SW20: 12946.65 | SX20: 14038.61 | SY20: 10487.44 | SZ20: 13098.32 | TA20: 14167.12 | TB20: 14153.92 | TC20: 14829.14 | TD20: 14370.37 | TE20: 14305.81 | TF20: 14118.15 | TG20: 12523.42 | TH20: 8524.98 | TI20: 4972 | TJ20: 4321.54 | TK20: 8500.4 | TL20: 3452.26 | TM20: 2761.6 | TN20: 9423.65 | TO20: 12016.03 | TP20: 15255.26 | TQ20: 14211.98 | TR20: 4740.37 | TS20: 12611.2 | TT20: 14181.07 | TU20: 3396.99 | TV20: 1382.12 | TW20: 3759.45 | TX20: 7894.28 | TY20: 10633.75 | TZ20: 10527.6 | UA20: 10537.51 | UB20: 10938.77 | UC20: 10600.75 | UD20: 9805.27 | UE20: 9274.46 | UF20: 10649.75 | UG20: 9483.62 | UH20: 10914.59 | UI20: 8117.65 | UJ20: 10082.39 | UK20: 11574.29 | UL20: 11205.75 | UM20: 11066.4 | UN20: 7185.87 | UO20: 10450.55 | UP20: 12693.59 | UQ20: 12561.92 | UR20: 12240.44 | US20: 12542.88 | UT20: 12657.85 | UU20: 12516.8 | UV20: 12284.33 | UW20: 12159.46 | UX20: 10390.21 | UY20: =SUM(JP20:KT20) -> 493720.14 | UZ20: =SUM(KU20:LX20) -> 374288.5 | VA20: =SUM(LY20:NC20) -> 515769.76 | VB20: =SUM(ND20:OH20) -> 503255.99 | VC20: =SUM(GerDiaria[[#This Row],[01/02/2026]:[28/02/2026]]) -> 374990.74 | VD20: =SUM(GerDiaria[[#This Row],[01/03/2026]:[31/03/2026]]) -> 531104.52 | VE20: =SUM(GerDiaria[[#This Row],[01/04/2026]:[30/04/2026]]) -> 456225.48 | VG20: O&M full
A21: UFV Santarem 1 1 | B21: UFV Santarem 1 1 | JP21: 19917.53 | JQ21: 18091.03 | JR21: 20952.12 | JS21: 19101.81 | JT21: 18395.42 | JU21: 19764.26 | JV21: 17124.92 | JW21: 18813.28 | JX21: 15393.16 | JY21: 19931.05 | JZ21: 19959.45 | KA21: 19516.97 | KB21: 18504.55 | KC21: 19233.85 | KD21: 17031.3 | KE21: 22559.31 | KF21: 21784.26 | KG21: 19269.11 | KH21: 21320.82 | KI21: 18127.51 | KJ21: 14242.79 | KK21: 15857.07 | KL21: 15223.5 | KM21: 15730.39 | KN21: 17698.02 | KO21: 19769.22 | KP21: 19860.37 | KQ21: 16383.49 | KR21: 20930.31 | KS21: 17832.66 | KT21: 19447.06 | KU21: 18797.33 | KV21: 18670.39 | KW21: 15118.43 | KX21: 16454.51 | KY21: 19816.32 | KZ21: 15676.86 | LA21: 20014.17 | LB21: 22691.87 | LC21: 22548.99 | LD21: 20979.36 | LE21: 19019.01 | LF21: 19399.21 | LG21: 15343.36 | LH21: 16155.1 | LI21: 17660.81 | LJ21: 20475.68 | LK21: 21401.55 | LL21: 20306.35 | LM21: 10694.12 | LN21: 10738.16 | LO21: 13841.76 | LP21: 19117.44 | LQ21: 17124.63 | LR21: 9985.68 | LS21: 19652.32 | LT21: 20198.55 | LU21: 20609.32 | LV21: 17963.58 | LW21: 11736.76 | LX21: 12092.12 | LY21: 7199.34 | LZ21: 10325.59 | MA21: 16656.59 | MB21: 4180.86 | MC21: 19090.16 | MD21: 14478.86 | ME21: 19387.29 | MF21: 15071.24 | MG21: 19145.37 | MH21: 18904.75 | MI21: 20040.86 | MJ21: 17386.26 | MK21: 14656.49 | ML21: 19255.61 | MM21: 14743.93 | MN21: 20725.47 | MO21: 16433.48 | MP21: 7275.27 | MQ21: 6703.67 | MR21: 5027.45 | MS21: 11006.46 | MT21: 14357.39 | MU21: 7518 | MV21: 3750.19 | MW21: 10860.09 | MX21: 21559.27 | MY21: 19256.09 | MZ21: 16341.21 | NA21: 18455.85 | NB21: 13349.06 | NC21: 6091.79 | ND21: 16513.47 | NE21: 18203.81 | NF21: 13204.97 | NG21: 16879.71 | NH21: 12867.85 | NI21: 13958.61 | NJ21: 16176.27 | NK21: 9456.39 | NL21: 12680.09 | NM21: 15346.69 | NN21: 15035.28 | NO21: 12015.25 | NP21: 14943.07 | NQ21: 9776.7 | NR21: 12168.45 | NS21: 14841.88 | NT21: 10294.49 | NU21: 13953.73 | NV21: 14543.45 | NW21: 14336.63 | NX21: 15900.15 | NY21: 18481.38 | NZ21: 8858.5 | OA21: 8851.7 | OB21: 13493.09 | OC21: 3771.6 | OD21: 16698.41 | OE21: 19394.97 | OF21: 18310.48 | OG21: 18290.72 | OH21: 16590.48 | OI21: 15701.72 | OJ21: 19141.9 | OK21: 16567.16 | OL21: 14766.18 | OM21: 18236.78 | ON21: 17631.61 | OO21: 7287.81 | OP21: 16411.05 | OQ21: 17651.86 | OR21: 13948.27 | OS21: 16199.27 | OT21: 14150.81 | OU21: 4549.35 | OV21: 16155.78 | OW21: 11765.15 | OX21: 18824.85 | OY21: 15421.34 | OZ21: 13129.73 | PA21: 15604.44 | PB21: 16353.47 | PC21: 17535.56 | PD21: 14252.84 | PE21: 5588.02 | PF21: 18.51 | PG21: 12100.86 | PH21: 12208.87 | PI21: 12086.98 | PJ21: 12156.57 | PK21: 13398.58 | PL21: 14770.25 | PM21: 18925.37 | PN21: 16315.59 | PO21: 16984.16 | PP21: 15709.51 | PQ21: 7975.37 | PR21: 13772.66 | PS21: 17117.55 | PT21: 17668.33 | PU21: 15837.37 | PV21: 8844.55 | PW21: 8146.79 | PX21: 15339.89 | PY21: 13856.76 | PZ21: 18237.96 | QA21: 6180.47 | QB21: 11462.48 | QC21: 4320.74 | QD21: 7178.92 | QE21: 16346.77 | QF21: 22031.43 | QG21: 18710.16 | QH21: 18850.26 | QI21: 17500.09 | QJ21: 16790.43 | QK21: 15745.07 | QL21: 10809.74 | QM21: 12423.05 | QN21: 11821.7 | QO21: 16630.5 | QP21: 10439.47 | QQ21: 12432.4 | QR21: 17399.61 | QS21: 19597.45 | QT21: 8813.06 | QU21: 18306.5 | QV21: 16057 | QW21: 16075.32 | QX21: 12359.68 | QY21: 16359.63 | QZ21: 15730.02 | RA21: 19354.09 | RB21: 15742 | RC21: 13788.93 | RD21: 13777.54 | RE21: 13830.6 | RF21: 15832.65 | RG21: 5194.98 | RH21: 13790.45 | RI21: 13278.21 | RJ21: 6932.95 | RK21: 17014.69 | RL21: 2323.72 | RM21: 11581.29 | RN21: 13396.88 | RO21: 15182.35 | RP21: 13440.67 | RQ21: 19913.7 | RR21: 13475.78 | RS21: 15300.2 | RT21: 13187.63 | RU21: 13355.12 | RV21: 13038.58 | RW21: 14286.92 | RX21: 7755.07 | RY21: 16001.34 | RZ21: 15099.78 | SA21: 14819.97 | SB21: 16934.95 | SC21: 11161.23 | SD21: 8854.54 | SE21: 4955.37 | SF21: 9143.36 | SG21: 15065.35 | SH21: 17759.42 | SI21: 17276.09 | SJ21: 17143.25 | SK21: 14811.6 | SL21: 17630.53 | SM21: 10213.9 | SN21: 10564.78 | SO21: 17941.71 | SP21: 12672.61 | SQ21: 4744.44 | SR21: 15201.58 | SS21: 16616.79 | ST21: 15443.91 | SU21: 14748.59 | SV21: 6801.6 | SW21: 14055.12 | SX21: 9421.21 | SY21: 15218.5 | SZ21: 17582.3 | TA21: 16306.16 | TB21: 14490.06 | TC21: 8580.55 | TD21: 10254.13 | TE21: 14090.71 | TF21: 11175.66 | TG21: 14830.68 | TH21: 6117.58 | TI21: 13206.83 | TJ21: 16337.75 | TK21: 16898.54 | TL21: 15030.27 | TM21: 18801.09 | TN21: 18788.53 | TO21: 17367.84 | TP21: 18198.2 | TQ21: 18142.96 | TR21: 15943 | TS21: 15923.62 | TT21: 13467.06 | TU21: 15676.11 | TV21: 15117.04 | TW21: 15532.41 | TX21: 14374.31 | TY21: 10295.73 | TZ21: 9490.7 | UA21: 13269.71 | UB21: 9492.91 | UC21: 16524.36 | UD21: 18495.41 | UE21: 17509.41 | UF21: 18730.87 | UG21: 12373.74 | UH21: 14260.75 | UI21: 16883.14 | UJ21: 14275.83 | UK21: 12855.99 | UL21: 13322.72 | UM21: 12747.81 | UN21: 14562.26 | UO21: 16326.06 | UP21: 14901.23 | UQ21: 16346.76 | UR21: 15028.48 | US21: 9754.69 | UT21: 14182.31 | UU21: 18278.8 | UV21: 12169.7 | UW21: 14698.26 | UX21: 11707.54 | UY21: =SUM(JP21:KT21) -> 577766.59 | UZ21: =SUM(KU21:LX21) -> 524283.74 | VA21: =SUM(LY21:NC21) -> 429233.94 | VB21: =SUM(ND21:OH21) -> 435838.27 | VC21: =SUM(GerDiaria[[#This Row],[01/02/2026]:[28/02/2026]]) -> 385446.74 | VD21: =SUM(GerDiaria[[#This Row],[01/03/2026]:[31/03/2026]]) -> 439702.5 | VE21: =SUM(GerDiaria[[#This Row],[01/04/2026]:[30/04/2026]]) -> 416721.82 | VF21: ok | VG21: O&M full
A22: UFV Santarem 1 2 | B22: UFV Santarem 1 2 | JP22: 20217.72 | JQ22: 18368.89 | JR22: 21191.72 | JS22: 19358.17 | JT22: 18354.53 | JU22: 19647.54 | JV22: 17557.65 | JW22: 18937.05 | JX22: 15681.32 | JY22: 19918.92 | JZ22: 20154.48 | KA22: 19981.1 | KB22: 18489.67 | KC22: 19262.33 | KD22: 17130.29 | KE22: 22982.39 | KF22: 22012.12 | KG22: 19509.52 | KH22: 21567.52 | KI22: 18086.62 | KJ22: 14692.82 | KK22: 14823.42 | KL22: 15207.98 | KM22: 15800.78 | KN22: 17848.66 | KO22: 19971.12 | KP22: 19937.4 | KQ22: 16573.01 | KR22: 21167.4 | KS22: 17918.09 | KT22: 19426.58 | KU22: 19136.04 | KV22: 18531.42 | KW22: 15902.88 | KX22: 18929.55 | KY22: 21527.99 | KZ22: 15329.79 | LA22: 19860.61 | LB22: 22515.15 | LC22: 22519.12 | LD22: 20844.81 | LE22: 19111.84 | LF22: 19552.27 | LG22: 15463.41 | LH22: 15641.93 | LI22: 17808.59 | LJ22: 20564.16 | LK22: 21655.99 | LL22: 20344.84 | LM22: 10665.67 | LN22: 10943.63 | LO22: 13903.31 | LP22: 19433.64 | LQ22: 17033.1 | LR22: 9957.73 | LS22: 19768.66 | LT22: 20647.51 | LU22: 21215.06 | LV22: 16370.96 | LW22: 12010.76 | LX22: 12318.38 | LY22: 7413.37 | LZ22: 10581.9 | MA22: 17370.71 | MB22: 4478.59 | MC22: 19380.51 | MD22: 14737.39 | ME22: 19960.53 | MF22: 15786.06 | MG22: 19242.81 | MH22: 18601.61 | MI22: 20180.7 | MJ22: 18112.81 | MK22: 13460.29 | ML22: 16663.26 | MM22: 14369.78 | MN22: 19852.49 | MO22: 14095.75 | MP22: 7822.71 | MQ22: 6785.93 | MR22: 5037.53 | MS22: 11403.1 | MT22: 13625.46 | MU22: 7374.13 | MV22: 3675.46 | MW22: 10512.93 | MX22: 20466.6 | MY22: 18259.99 | MZ22: 16558.72 | NA22: 2260.78 | NB22: 2913.68 | NC22: 14371.27 | ND22: 16774.32 | NE22: 17704.99 | NF22: 12646.18 | NG22: 16249.26 | NH22: 12497.19 | NI22: 13579.5 | NJ22: 15673.76 | NK22: 9258.42 | NL22: 12308.32 | NM22: 14862.43 | NN22: 14811.4 | NO22: 11742.93 | NP22: 14563.07 | NQ22: 9565.7 | NR22: 11711.43 | NS22: 14099.37 | NT22: 10074.68 | NU22: 13476.49 | NV22: 14228.28 | NW22: 13811.64 | NX22: 15389.21 | NY22: 17742.82 | NZ22: 8476.43 | OA22: 8506.86 | OB22: 12898.19 | OC22: 3570.89 | OD22: 16468.85 | OE22: 19538.41 | OF22: 18102.34 | OG22: 18431.9 | OH22: 16870 | OI22: 16382.07 | OJ22: 19824.03 | OK22: 16722.77 | OL22: 14744.9 | OM22: 18724.02 | ON22: 18310.27 | OO22: 7226.99 | OP22: 17993.75 | OQ22: 18304.8 | OR22: 13990.95 | OS22: 16706.23 | OT22: 14571.62 | OU22: 4506.14 | OV22: 17059.76 | OW22: 12713.38 | OX22: 19711.41 | OY22: 15985.61 | OZ22: 13583.77 | PA22: 15980.18 | PB22: 17184.28 | PC22: 17405.32 | PD22: 13737.31 | PE22: 14845.72 | PF22: 16391.58 | PG22: 15263.29 | PH22: 12752.72 | PI22: 11948.83 | PJ22: 12263.06 | PK22: 13543.36 | PL22: 15256.87 | PM22: 19359.76 | PN22: 16378.94 | PO22: 17383.92 | PP22: 15815.13 | PQ22: 7913.94 | PR22: 13702.68 | PS22: 17690.72 | PT22: 10645.02 | PU22: 1275.31 | PV22: 15609.77 | PW22: 9197.79 | PX22: 15251.12 | PY22: 13537.57 | PZ22: 18037.34 | QA22: 6046.82 | QB22: 10922.87 | QC22: 4200.71 | QD22: 7033.01 | QE22: 15881.5 | QF22: 21787.51 | QG22: 18293.24 | QH22: 18698.58 | QI22: 17307.42 | QJ22: 16911.69 | QK22: 15880.54 | QL22: 10714.08 | QM22: 12118.47 | QN22: 11142.12 | QO22: 16431.14 | QP22: 9904.75 | QQ22: 15662.56 | QR22: 17506.95 | QS22: 19775.04 | QT22: 8806.46 | QU22: 18486.45 | QV22: 16677.89 | QW22: 16321.21 | QX22: 12169.31 | QY22: 16685.77 | QZ22: 15874.11 | RA22: 19563.62 | RB22: 15832.87 | RC22: 13899.98 | RD22: 13685.6 | RE22: 13732.59 | RF22: 15997.33 | RG22: 5227.68 | RH22: 13915.09 | RI22: 13360.88 | RJ22: 6918.7 | RK22: 17805.49 | RL22: 3258.31 | RM22: 11499.92 | RN22: 17750.86 | RO22: 15967.83 | RP22: 13495.76 | RQ22: 19871.89 | RR22: 15110.8 | RS22: 15628.47 | RT22: 13271.22 | RU22: 13490.38 | RV22: 12945.27 | RW22: 14301.57 | RX22: 7965.31 | RY22: 16066.51 | RZ22: 14798.54 | SA22: 14804.85 | SB22: 16718.9 | SC22: 15268.52 | SD22: 9289.17 | SE22: 4949.07 | SF22: 10092.39 | SG22: 15392.82 | SH22: 17839.6 | SI22: 17587.67 | SJ22: 17479.21 | SK22: 14900.72 | SL22: 17616.4 | SM22: 10195.22 | SN22: 10299.02 | SO22: 17644.44 | SP22: 12770.31 | SQ22: 4812.56 | SR22: 15011.68 | SS22: 16600.89 | ST22: 15441.28 | SU22: 14284.48 | SV22: 6839.84 | SW22: 13933.15 | SX22: 9322.03 | SY22: 14920.62 | SZ22: 17706.48 | TA22: 16343.09 | TB22: 14610.71 | TC22: 8718.23 | TD22: 10099.22 | TE22: 14045.86 | TF22: 11107.62 | TG22: 14714.31 | TH22: 6202.39 | TI22: 13122.06 | TJ22: 16332.27 | TK22: 16878.33 | TL22: 15396.18 | TM22: 18874.24 | TN22: 18859.71 | TO22: 17369.72 | TP22: 17615.05 | TQ22: 18440.24 | TR22: 17407.27 | TS22: 17635.35 | TT22: 14937.51 | TU22: 17367.61 | TV22: 16865.77 | TW22: 16418.57 | TX22: 15855.49 | TY22: 11716.29 | TZ22: 10697.83 | UA22: 14965.6 | UB22: 10782.38 | UC22: 18562.29 | UD22: 20833.22 | UE22: 7206.28 | UF22: 0 | UG22: 0 | UH22: 0 | UI22: 0 | UJ22: 0 | UK22: 0 | UL22: 0 | UM22: 8341.93 | UN22: 16099.69 | UO22: 17445 | UP22: 15985.45 | UQ22: 17854.65 | UR22: 16102.54 | US22: 10232.08 | UT22: 15049.45 | UU22: 19736.55 | UV22: 12844.07 | UW22: 15644.05 | UX22: 12252.3 | UY22: =SUM(JP22:KT22) -> 581776.81 | UZ22: =SUM(KU22:LX22) -> 529508.8 | VA22: =SUM(LY22:NC22) -> 405356.85 | VB22: =SUM(ND22:OH22) -> 425635.26 | VC22: =SUM(GerDiaria[[#This Row],[01/02/2026]:[28/02/2026]]) -> 424834.76 | VD22: =SUM(GerDiaria[[#This Row],[01/03/2026]:[31/03/2026]]) -> 423968.94 | VE22: =SUM(GerDiaria[[#This Row],[01/04/2026]:[30/04/2026]]) -> 430394.17 | VG22: O&M full
A23: UFV Santo Inácio 12 1 | B23: UFV Santo Inácio 12 1 | JP23: 19218.24 | JQ23: 12291.31 | JR23: 15573.84 | JS23: 10652.67 | JT23: 20501.04 | JU23: 17380.29 | JV23: 11136.32 | JW23: 4281.15 | JX23: 5638.99 | JY23: 6956.12 | JZ23: 13186.35 | KA23: 16756.34 | KB23: 8322.42 | KC23: 18773.56 | KD23: 7957.89 | KE23: 17210.62 | KF23: 18685.44 | KG23: 4869 | KH23: 9026.23 | KI23: 16346.77 | KJ23: 20036.95 | KK23: 22191.9 | KL23: 22628.41 | KM23: 21512.37 | KN23: 20518.57 | KO23: 17473.27 | KP23: 6392.47 | KQ23: 5580.46 | KR23: 8045.32 | KS23: 3974.4 | KT23: 5846.55 | KU23: 12594.49 | KV23: 3186.54 | KW23: 10910.9 | KX23: 9946.58 | KY23: 10344.58 | KZ23: 7761.64 | LA23: 11707.68 | LB23: 5666.49 | LC23: 10443.97 | LD23: 11024.55 | LE23: 12814.94 | LF23: 15045.36 | LG23: 11189.48 | LH23: 10285.42 | LI23: 7255.44 | LJ23: 5916.99 | LK23: 8322.92 | LL23: 9462.83 | LM23: 12877.49 | LN23: 13539.01 | LO23: 14835.5 | LP23: 9801.87 | LQ23: 8892.37 | LR23: 6495.78 | LS23: 17290.18 | LT23: 21908.78 | LU23: 18553.69 | LV23: 19180.75 | LW23: 18368.03 | LX23: 15261.3 | LY23: 12413.08 | LZ23: 8438.2 | MA23: 17791.15 | MB23: 13313.74 | MC23: 15949.05 | MD23: 14048.88 | ME23: 12925.66 | MF23: 9919.67 | MG23: 4883 | MH23: 10873.19 | MI23: 13871.31 | MJ23: 12200.17 | MK23: 2703.68 | ML23: 0 | MM23: 12262.94 | MN23: 11271.82 | MO23: 4351.74 | MP23: 8919.86 | MQ23: 6532.51 | MR23: 12678.11 | MS23: 14854.9 | MT23: 14239.32 | MU23: 14781.01 | MV23: 13858.7 | MW23: 14253.9 | MX23: 11935.76 | MY23: 12205.58 | MZ23: 11636.17 | NA23: 0 | NB23: 9015.65 | NC23: 13331.14 | ND23: 18858.3 | NE23: 13748.06 | NF23: 14754.86 | NG23: 19306.04 | NH23: 7813.81 | NI23: 18733.64 | NJ23: 13782.71 | NK23: 14694.2 | NL23: 18825.45 | NM23: 205.28 | NN23: 18762.01 | NO23: 22141.94 | NP23: 14077.04 | NQ23: 16772.96 | NR23: 9576.61 | NS23: 12250.4 | NT23: 11231.82 | NU23: 11810.77 | NV23: 11102.84 | NW23: 5954.4 | NX23: 6981.9 | NY23: 5176.92 | NZ23: 9782.78 | OA23: 5955.11 | OB23: 11516.92 | OC23: 17211.57 | OD23: 14202.71 | OE23: 11731.29 | OF23: 15416.91 | OG23: 10363.22 | OH23: 18476.38 | OI23: 11956.09 | OJ23: 0 | OK23: 7862.69 | OL23: 13280.96 | OM23: 9903.44 | ON23: 11722.55 | OO23: 8098.8 | OP23: 12839.31 | OQ23: 5869.21 | OR23: 11101.7 | OS23: 0 | OT23: 14935.28 | OU23: 20676.99 | OV23: 13806.12 | OW23: 0 | OX23: 19026.15 | OY23: 5753.57 | OZ23: 10238.08 | PA23: 15666.03 | PB23: 16614.95 | PC23: 16946.78 | PD23: 14953.26 | PE23: 7830.83 | PF23: 11658.69 | PG23: 13161.36 | PH23: 9941.51 | PI23: 5510.48 | PJ23: 10987.04 | PK23: 14848.77 | PL23: 11020.8 | PM23: 9223.19 | PN23: 11249 | PO23: 15779.85 | PP23: 6470.32 | PQ23: 3307.94 | PR23: 14125.29 | PS23: 4895.22 | PT23: 5878.87 | PU23: 4152.83 | PV23: 4292.72 | PW23: 8007.15 | PX23: 15929.31 | PY23: 15133.93 | PZ23: 20069.17 | QA23: 17277.82 | QB23: 16415.21 | QC23: 6609.76 | QD23: 13389.58 | QE23: 16693.48 | QF23: 17717.26 | QG23: 18554.82 | QH23: 16999.06 | QI23: 15291.64 | QJ23: 15722.58 | QK23: 18582.84 | QL23: 17551.82 | QM23: 17855.2 | QN23: 13575.8 | QO23: 6574.52 | QP23: 13424.15 | QQ23: 6945.95 | QR23: 12179.22 | QS23: 13091.19 | QT23: 14073.08 | QU23: 11854.16 | QV23: 11961.28 | QW23: 8857.9 | QX23: 11617.06 | QY23: 3446.23 | QZ23: 13454.08 | RA23: 16985.93 | RB23: 14972.74 | RC23: 16711.27 | RD23: 17234.32 | RE23: 16059.09 | RF23: 14070.37 | RG23: 11897.93 | RH23: 16122.03 | RI23: 15729.15 | RJ23: 15302.68 | RK23: 11812.66 | RL23: 15268.43 | RM23: 15008.51 | RN23: 14694.63 | RO23: 13382.03 | RP23: 9848.76 | RQ23: 7679.68 | RR23: 9135.93 | RS23: 12464.78 | RT23: 13185.22 | RU23: 11764.37 | RV23: 4900.79 | RW23: 13511.91 | RX23: 14540.63 | RY23: 14348.5 | RZ23: 14585.79 | SA23: 7875.14 | SB23: 8262.54 | SC23: 3361.68 | SD23: 9379.43 | SE23: 11572.75 | SF23: 12468.29 | SG23: 11325.46 | SH23: 2551.01 | SI23: 10417.73 | SJ23: 4686.85 | SK23: 2999.21 | SL23: 2983.67 | SM23: 4231.23 | SN23: 5089.85 | SO23: 3280.06 | SP23: 5109.67 | SQ23: 8109.52 | SR23: 5278.36 | SS23: 9558.68 | ST23: 8266.59 | SU23: 13720.76 | SV23: 3916.66 | SW23: 9632.47 | SX23: 9290.5 | SY23: 5082.65 | SZ23: 7009.34 | TA23: 9664.46 | TB23: 7430.03 | TC23: 10160.92 | TD23: 11941.02 | TE23: 11808.03 | TF23: 12951.33 | TG23: 10975.83 | TH23: 10258.93 | TI23: 4819.37 | TJ23: 3156.42 | TK23: 8674.88 | TL23: 8508.11 | TM23: 2640.4 | TN23: 6206.39 | TO23: 10985.32 | TP23: 11055.85 | TQ23: 12977.83 | TR23: 9400.95 | TS23: 12881 | TT23: 12244.03 | TU23: 2304.43 | TV23: 915.35 | TW23: 2900.26 | TX23: 8634.41 | TY23: 7542.9 | TZ23: 10585.01 | UA23: 11736.04 | UB23: 10512.43 | UC23: 12254.71 | UD23: 12483.37 | UE23: 11093.53 | UF23: 6772.85 | UG23: 5615.34 | UH23: 8786.3 | UI23: 7509.04 | UJ23: 10380.28 | UK23: 9460.5 | UL23: 10133.37 | UM23: 12327.65 | UN23: 7744.49 | UO23: 8427.12 | UP23: 11310.5 | UQ23: 12982.78 | UR23: 13727.74 | US23: 13859.74 | UT23: 13767.71 | UU23: 9571.09 | UV23: 13577.79 | UW23: 13599.16 | UX23: 12750.69 | UY23: =SUM(JP23:KT23) -> 408965.26 | UZ23: =SUM(KU23:LX23) -> 350885.55 | VA23: =SUM(LY23:NC23) -> 335459.89 | VB23: =SUM(ND23:OH23) -> 401218.85 | VC23: =SUM(GerDiaria[[#This Row],[01/02/2026]:[28/02/2026]]) -> 300341.87 | VD23: =SUM(GerDiaria[[#This Row],[01/03/2026]:[31/03/2026]]) -> 393195.75 | VE23: =SUM(GerDiaria[[#This Row],[01/04/2026]:[30/04/2026]]) -> 385285.22 | VF23: ok | VG23: O&M full
A24: UFV São Bento 5 1 | B24: UFV São Bento 5 1 | JP24: 17574.72 | JQ24: 11895.01 | JR24: 17994.15 | JS24: 14402.54 | JT24: 19079.57 | JU24: 26927.19 | JV24: 8312.39 | JW24: 4349.54 | JX24: 4275.4 | JY24: 7559.49 | JZ24: 13741.27 | KA24: 15872.1 | KB24: 13716.5 | KC24: 14352.3 | KD24: 9685.15 | KE24: 16409.43 | KF24: 18496.27 | KG24: 8716.45 | KH24: 9578.7 | KI24: 10843.99 | KJ24: 14159.07 | KK24: 15712.42 | KL24: 16057.51 | KM24: 14044.23 | KN24: 17702.21 | KO24: 17740.2 | KP24: 15242.93 | KQ24: 9078.39 | KR24: 12827.77 | KS24: 4357.52 | KT24: 3943.48 | KU24: 19004.23 | KV24: 7577.77 | KW24: 10849.08 | KX24: 13073.47 | KY24: 17053.3 | KZ24: 7256.49 | LA24: 11896.31 | LB24: 2990.22 | LC24: 9689.3 | LD24: 13139.55 | LE24: 13832.81 | LF24: 19932.91 | LG24: 19500.34 | LH24: 12439.69 | LI24: 9392.53 | LJ24: 8818.48 | LK24: 9433.84 | LL24: 13454.22 | LM24: 14702.4 | LN24: 16272.41 | LO24: 19702.14 | LP24: 15534.79 | LQ24: 10835.96 | LR24: 10760.05 | LS24: 15799.96 | LT24: 14775.76 | LU24: 15351.97 | LV24: 15111.82 | LW24: 17464.3 | LX24: 17893.86 | LY24: 18868.36 | LZ24: 13521.59 | MA24: 16408.39 | MB24: 9483.75 | MC24: 16262.86 | MD24: 17845.83 | ME24: 18310.52 | MF24: 16007.03 | MG24: 7838.68 | MH24: 14338.93 | MI24: 16561.23 | MJ24: 18168.02 | MK24: 8195.81 | ML24: 10916.95 | MM24: 16019.43 | MN24: 16683.37 | MO24: 5255.05 | MP24: 6225.71 | MQ24: 5173.95 | MR24: 14335.77 | MS24: 16871.67 | MT24: 19513.89 | MU24: 18125.39 | MV24: 17373.95 | MW24: 18599.44 | MX24: 19040.99 | MY24: 10100.94 | MZ24: 19204.56 | NA24: 16274.74 | NB24: 16547.51 | NC24: 12592.8 | ND24: 11898.45 | NE24: 16223.66 | NF24: 14827.38 | NG24: 6823.71 | NH24: 7937.35 | NI24: 9287.42 | NJ24: 8807.79 | NK24: 14584.5 | NL24: 18031.33 | NM24: 19666.47 | NN24: 19822.23 | NO24: 19701.29 | NP24: 11227.58 | NQ24: 14916.27 | NR24: 13134.95 | NS24: 16979.75 | NT24: 12555.57 | NU24: 11134.25 | NV24: 11889.24 | NW24: 6117 | NX24: 6414.46 | NY24: 6580.66 | NZ24: 3806.85 | OA24: 9146.43 | OB24: 9405.08 | OC24: 11584.06 | OD24: 12459.04 | OE24: 15576.39 | OF24: 13031.29 | OG24: 10468.8 | OH24: 16893.71 | OI24: 16864.79 | OJ24: 11424.79 | OK24: 12509.25 | OL24: 14243.61 | OM24: 12539.04 | ON24: 13651.76 | OO24: 10542.44 | OP24: 0 | OQ24: 4849.75 | OR24: 6353.08 | OS24: 9152.11 | OT24: 15170.04 | OU24: 17651.03 | OV24: 15705.22 | OW24: 9970.82 | OX24: 16832.12 | OY24: 15949 | OZ24: 14428.26 | PA24: 13032.08 | PB24: 13503.86 | PC24: 11936.1 | PD24: 12355.03 | PE24: 12929.37 | PF24: 13423.4 | PG24: 18034.91 | PH24: 7595.94 | PI24: 10437.91 | PJ24: 7582.53 | PK24: 12346.63 | PL24: 11799 | PM24: 13684.1 | PN24: 13090.87 | PO24: 17753.82 | PP24: 15576.26 | PQ24: 13624.54 | PR24: 14279.92 | PS24: 10614.84 | PT24: 7114.84 | PU24: 4934.96 | PV24: 7815.16 | PW24: 8682.32 | PX24: 13261.27 | PY24: 18455.29 | PZ24: 18642.68 | QA24: 19103.3 | QB24: 15721.08 | QC24: 8704.13 | QD24: 5704.94 | QE24: 14572.57 | QF24: 16172.05 | QG24: 16912.51 | QH24: 18716.23 | QI24: 18065.94 | QJ24: 16865.75 | QK24: 18226.85 | QL24: 17571.94 | QM24: 18157.38 | QN24: 16290.12 | QO24: 5723.19 | QP24: 11590.7 | QQ24: 15331 | QR24: 13412.02 | QS24: 16960.51 | QT24: 15425.74 | QU24: 14626.79 | QV24: 17588.52 | QW24: 12956.71 | QX24: 12777.39 | QY24: 4507.99 | QZ24: 10165.31 | RA24: 13888.16 | RB24: 14141.37 | RC24: 14624.45 | RD24: 16485.67 | RE24: 17137.29 | RF24: 16472.07 | RG24: 16150.52 | RH24: 13197.07 | RI24: 16274.34 | RJ24: 15640.48 | RK24: 14336.17 | RL24: 13476.53 | RM24: 15244.83 | RN24: 16943.91 | RO24: 12689.21 | RP24: 15853.76 | RQ24: 13217.49 | RR24: 15883.64 | RS24: 16326.45 | RT24: 6626.54 | RU24: 15705.03 | RV24: 5359.91 | RW24: 12776.32 | RX24: 15396.36 | RY24: 16249.71 | RZ24: 15753.5 | SA24: 9800.26 | SB24: 12992.15 | SC24: 5661.51 | SD24: 4623.84 | SE24: 15934.92 | SF24: 15076.56 | SG24: 11584.4 | SH24: 9237.66 | SI24: 9960.1 | SJ24: 10715.47 | SK24: 9477.43 | SL24: 3973.05 | SM24: 3417.22 | SN24: 3574.02 | SO24: 3667.25 | SP24: 6816.75 | SQ24: 1421.22 | SR24: 6370.39 | SS24: 9403.81 | ST24: 12476.15 | SU24: 10221.89 | SV24: 7415.06 | SW24: 6742.27 | SX24: 11676.94 | SY24: 7598.68 | SZ24: 4142.43 | TA24: 8788.67 | TB24: 6768.1 | TC24: 8642.13 | TD24: 13055.69 | TE24: 15219.55 | TF24: 14578.04 | TG24: 12873.94 | TH24: 11771.14 | TI24: 3185.63 | TJ24: 8890.11 | TK24: 8686.77 | TL24: 9196.35 | TM24: 7866.12 | TN24: 0 | TO24: 8791.49 | TP24: 11355.22 | TQ24: 15196.88 | TR24: 14176.75 | TS24: 8139.05 | TT24: 13180.53 | TU24: 13739 | TV24: 2156.98 | TW24: 1823.56 | TX24: 3843.99 | TY24: 12254.49 | TZ24: 13498.76 | UA24: 15112.38 | UB24: 14606.37 | UC24: 13601.44 | UD24: 19184.35 | UE24: 17581.44 | UF24: 13437.8 | UG24: 16481.51 | UH24: 19613.49 | UI24: 18197.89 | UJ24: 11305.68 | UK24: 9939.57 | UL24: 13756.14 | UM24: 15496.96 | UN24: 7917.55 | UO24: 4903.95 | UP24: 12212.01 | UQ24: 15939.86 | UR24: 16928.82 | US24: 16993.46 | UT24: 16955.23 | UU24: 16755.55 | UV24: 16739.29 | UW24: 16771.04 | UX24: 15617.86 | UY24: =SUM(JP24:KT24) -> 404647.89 | UZ24: =SUM(KU24:LX24) -> 403539.96 | VA24: =SUM(LY24:NC24) -> 450667.11 | VB24: =SUM(ND24:OH24) -> 380932.96 | VC24: =SUM(GerDiaria[[#This Row],[01/02/2026]:[28/02/2026]]) -> 338668.24 | VD24: =SUM(GerDiaria[[#This Row],[01/03/2026]:[31/03/2026]]) -> 428184.48 | VE24: =SUM(GerDiaria[[#This Row],[01/04/2026]:[30/04/2026]]) -> 433326.09 | VF24: ok | VG24: O&M full
A25: UFV Vargem Grande 1 1 | B25: UFV Vargem Grande 1 1 | JP25: 24253.66 | JQ25: 23929.72 | JR25: 23916.47 | JS25: 27018.63 | JT25: 24107.23 | JU25: 25005.58 | JV25: 29352 | JW25: 9352.67 | JX25: 14306.06 | JY25: 20059.78 | JZ25: 27865.28 | KA25: 28046.59 | KB25: 27120.27 | KC25: 20559.92 | KD25: 12311.56 | KE25: 21813.86 | KF25: 30973.8 | KG25: 30438.78 | KH25: 8969.71 | KI25: 4067.18 | KJ25: 14102.17 | KK25: 31252.92 | KL25: 27525.37 | KM25: 16567.35 | KN25: 10883.18 | KO25: 29532.85 | KP25: 33462.06 | KQ25: 28281.2 | KR25: 30041.19 | KS25: 32154.24 | KT25: 16010.75 | KU25: 28528.46 | KV25: 15305.06 | KW25: 28640.74 | KX25: 19483.75 | KY25: 29084.35 | KZ25: 10375.42 | LA25: 10622.46 | LB25: 14832.5 | LC25: 17314.68 | LD25: 11541.63 | LE25: 13046.88 | LF25: 37372.33 | LG25: 12204.37 | LH25: 26576.35 | LI25: 31636.05 | LJ25: 32024.68 | LK25: 14353.91 | LL25: 30682.37 | LM25: 15864.13 | LN25: 31686.69 | LO25: 37655.94 | LP25: 35749.84 | LQ25: 15597.74 | LR25: 6593.75 | LS25: 22623.18 | LT25: 10939.22 | LU25: 21391.14 | LV25: 19155.57 | LW25: 29092.81 | LX25: 30412.39 | LY25: 33514.54 | LZ25: 32843.17 | MA25: 13764.37 | MB25: 9863.96 | MC25: 9678.7 | MD25: 13694.62 | ME25: 20554.47 | MF25: 24094.61 | MG25: 29811.08 | MH25: 16854.67 | MI25: 29884.48 | MJ25: 27396.64 | MK25: 23457.15 | ML25: 18399.93 | MM25: 22467.63 | MN25: 25416.28 | MO25: 29001.82 | MP25: 21228.45 | MQ25: 22244.21 | MR25: 16928.82 | MS25: 18782.13 | MT25: 26801.95 | MU25: 21247.61 | MV25: 27251.77 | MW25: 25393.29 | MX25: 27836.76 | MY25: 25728.73 | MZ25: 25099.99 | NA25: 26240.73 | NB25: 11506.77 | NC25: 21754.99 | ND25: 25457.18 | NE25: 28367.97 | NF25: 15437.35 | NG25: 25772.7 | NH25: 6981.11 | NI25: 19270 | NJ25: 27054.15 | NK25: 24776.02 | NL25: 22914.28 | NM25: 27724.53 | NN25: 27953.66 | NO25: 27092.64 | NP25: 18976.09 | NQ25: 23907.68 | NR25: 29091.7 | NS25: 30354.88 | NT25: 34350.23 | NU25: 28360.92 | NV25: 19464.14 | NW25: 8610.61 | NX25: 2650.76 | NY25: 11425.76 | NZ25: 29322.67 | OA25: 26362.34 | OB25: 30389.21 | OC25: 37073.47 | OD25: 36399.75 | OE25: 33077.57 | OF25: 34333.14 | OG25: 30995 | OH25: 29092.23 | OI25: 30737.54 | OJ25: 36117.45 | OK25: 25462.65 | OL25: 35424.72 | OM25: 31174.91 | ON25: 29949.95 | OO25: 36055.36 | OP25: 34690.23 | OQ25: 30876.21 | OR25: 30838.41 | OS25: 28614.74 | OT25: 29990.98 | OU25: 32798.68 | OV25: 33875.23 | OW25: 34238.15 | OX25: 31098.62 | OY25: 36254.32 | OZ25: 35480.64 | PA25: 37494.98 | PB25: 30372.26 | PC25: 37140.44 | PD25: 35859.28 | PE25: 21946.22 | PF25: 18989.33 | PG25: 16720.33 | PH25: 22118.33 | PI25: 15010.63 | PJ25: 12042.96 | PK25: 18166.76 | PL25: 13581.85 | PM25: 17290.77 | PN25: 33322.57 | PO25: 18459.03 | PP25: 27727.27 | PQ25: 30257.33 | PR25: 30606.44 | PS25: 31860.89 | PT25: 15136.46 | PU25: 19158.47 | PV25: 15083.85 | PW25: 21366.94 | PX25: 20499.63 | PY25: 7393.99 | PZ25: 20794.9 | QA25: 31336.67 | QB25: 26807.84 | QC25: 25604.96 | QD25: 10056.34 | QE25: 14804.61 | QF25: 23456.77 | QG25: 6721.51 | QH25: 18193 | QI25: 26100.58 | QJ25: 27219.55 | QK25: 27881.41 | QL25: 29212.13 | QM25: 28953.6 | QN25: 27712.08 | QO25: 22873.25 | QP25: 24754.18 | QQ25: 23692.07 | QR25: 29784.93 | QS25: 27337.1 | QT25: 31323.55 | QU25: 28672.5 | QV25: 28951.7 | QW25: 24816.74 | QX25: 29798.66 | QY25: 15140.99 | QZ25: 12724.66 | RA25: 14570.24 | RB25: 28414.5 | RC25: 29061.77 | RD25: 22013.27 | RE25: 31898.36 | RF25: 22193.29 | RG25: 27321.36 | RH25: 32206.71 | RI25: 25960.86 | RJ25: 30759.36 | RK25: 31483.92 | RL25: 29958.75 | RM25: 29398.01 | RN25: 25545.06 | RO25: 31441.23 | RP25: 29295.77 | RQ25: 29434.34 | RR25: 26283.12 | RS25: 18758.05 | RT25: 26064 | RU25: 24313.07 | RV25: 25104.88 | RW25: 14840.26 | RX25: 16626.97 | RY25: 23345.45 | RZ25: 24215.85 | SA25: 18760.33 | SB25: 24968.29 | SC25: 27127.43 | SD25: 28139.16 | SE25: 11263.27 | SF25: 25159.79 | SG25: 24139.31 | SH25: 25647.67 | SI25: 26567.15 | SJ25: 24151.76 | SK25: 20477.06 | SL25: 21409.78 | SM25: 18602.84 | SN25: 12893.61 | SO25: 9284.85 | SP25: 9398.12 | SQ25: 19252.04 | SR25: 22615.11 | SS25: 17635.23 | ST25: 11651.17 | SU25: 16252.15 | SV25: 21364.56 | SW25: 20002.08 | SX25: 20289.62 | SY25: 21033.72 | SZ25: 18398.11 | TA25: 24552.3 | TB25: 11820.56 | TC25: 19264.47 | TD25: 15557.57 | TE25: 22465.79 | TF25: 20229.42 | TG25: 19771.13 | TH25: 23812.67 | TI25: 20907.02 | TJ25: 18503.32 | TK25: 14907.57 | TL25: 21596.12 | TM25: 18581.87 | TN25: 25300.48 | TO25: 17757 | TP25: 20442 | TQ25: 20306.93 | TR25: 19624.5 | TS25: 0 | TT25: 17106.16 | TU25: 26661.16 | TV25: 22454.83 | TW25: 22091.27 | TX25: 13691.19 | TY25: 18228.82 | TZ25: 21903.97 | UA25: 25243.8 | UB25: 19252.85 | UC25: 15219.57 | UD25: 14949.9 | UE25: 13461.97 | UF25: 7159.34 | UG25: 7073.95 | UH25: 10815.66 | UI25: 12563.34 | UJ25: 19278.28 | UK25: 17803.75 | UL25: 24058.27 | UM25: 25386.27 | UN25: 21298.41 | UO25: 12403.39 | UP25: 17729.99 | UQ25: 23518.76 | UR25: 17495.76 | US25: 22144.64 | UT25: 0 | UU25: 23239.26 | UV25: 11389.13 | UW25: 14080.26 | UX25: 19303.72 | UY25: =SUM(JP25:KT25) -> 703282.03 | UZ25: =SUM(KU25:LX25) -> 660388.39 | VA25: =SUM(LY25:NC25) -> 698744.32 | VB25: =SUM(ND25:OH25) -> 773039.74 | VC25: =SUM(GerDiaria[[#This Row],[01/02/2026]:[28/02/2026]]) -> 831373.55 | VD25: =SUM(GerDiaria[[#This Row],[01/03/2026]:[31/03/2026]]) -> 687641.45 | VE25: =SUM(GerDiaria[[#This Row],[01/04/2026]:[30/04/2026]]) -> 792995.05 | VF25: ok | VG25: Em implantação
